Dt,Doy,Vazao,Nivel,Chuva
2023-01-01,1,,1353.0,40.8
2023-01-02,2,,1356.0,4.800000000000001
2023-01-03,3,,1357.0,0.0
2023-01-04,4,,1358.0,0.2
2023-01-05,5,,1358.0,0.2
2023-01-06,6,,1360.0,67.0
2023-01-07,7,,1358.0,11.2
2023-01-08,8,,1359.0,67.0
2023-01-09,9,,1357.0,17.4
2023-01-10,10,,1358.0,0.2
2023-01-11,11,,1360.0,6.0
2023-01-12,12,,1368.0,41.4
2023-01-13,13,,1379.0,3.4000000000000004
2023-01-14,14,,1393.0,1.0
2023-01-15,15,,1410.0,2.6
2023-01-16,16,,1432.0,4.6000000000000005
2023-01-17,17,,1457.0,42.0
2023-01-18,18,,1480.0,0.4
2023-01-19,19,,1508.0,26.4
2023-01-20,20,,1535.0,10.0
2023-01-21,21,,1559.0,5.6000000000000005
2023-01-22,22,,1580.0,2.8000000000000003
2023-01-23,23,,1596.0,5.6000000000000005
2023-01-24,24,,1610.0,5.2
2023-01-25,25,,1622.0,5.000000000000001
2023-01-26,26,,1635.0,0.0
2023-01-27,27,,1648.0,0.0
2023-01-28,28,,1663.0,0.2
2023-01-29,29,,1678.0,2.2
2023-01-30,30,,1694.0,4.0
2023-01-31,31,,1709.0,2.2
2023-02-01,32,,1720.0,0.2
2023-02-02,33,,1736.0,104.0
2023-02-03,34,,1743.0,6.2
2023-02-04,35,,1747.0,8.399999999999999
2023-02-05,36,,1750.0,9.4
2023-02-06,37,,1749.0,1.0
2023-02-07,38,,1749.0,7.4
2023-02-08,39,,1748.0,6.6
2023-02-09,40,,1745.0,0.0
2023-02-10,41,,1741.0,13.2
2023-02-11,42,,1737.0,6.6000000000000005
2023-02-12,43,,1735.0,10.6
2023-02-13,44,,1737.0,38.4
2023-02-14,45,,1739.0,0.0
2023-02-15,46,,1742.0,15.0
2023-02-16,47,,1746.0,0.2
2023-02-17,48,,1750.0,2.4000000000000004
2023-02-18,49,,1756.0,1.0
2023-02-19,50,,1768.0,22.6
2023-02-20,51,,1779.0,0.4
2023-02-21,52,,1790.0,2.2
2023-02-22,53,,1801.0,3.2
2023-02-23,54,,1811.0,0.8
2023-02-24,55,,1823.0,15.2
2023-02-25,56,,1832.0,0.2
2023-02-26,57,,1842.0,2.6
2023-02-27,58,,1850.0,0.2
2023-02-28,59,,1858.0,2.0
2023-03-01,60,,1865.0,6.6
2023-03-02,61,,1872.0,8.0
2023-03-03,62,,1877.0,17.400000000000002
2023-03-04,63,,1881.0,3.0
2023-03-05,64,,1885.0,0.6000000000000001
2023-03-06,65,,1888.0,2.0
2023-03-07,66,,1892.0,43.2
2023-03-08,67,,1894.0,6.6000000000000005
2023-03-09,68,,1901.0,92.0
2023-03-10,69,,1905.0,31.599999999999998
2023-03-11,70,,1909.0,6.6
2023-03-12,71,,1914.0,12.6
2023-03-13,72,,1920.0,0.2
2023-03-14,73,,1926.0,0.0
2023-03-15,74,,1931.0,0.0
2023-03-16,75,,1937.0,0.0
2023-03-17,76,,1944.0,4.0
2023-03-18,77,,1949.0,0.2
2023-03-19,78,,1953.0,1.0
2023-03-20,79,,1958.0,0.2
2023-03-21,80,,1962.0,0.0
2023-03-22,81,,1966.0,0.0
2023-03-23,82,,1971.0,22.8
2023-03-24,83,,1974.0,1.2000000000000002
2023-03-25,84,,1978.0,43.4
2023-03-26,85,,1983.0,2.0
2023-03-27,86,,1987.0,0.0
2023-03-28,87,,1990.0,21.800000000000004
2023-03-29,88,,1994.0,1.8
2023-03-30,89,,1998.0,5.2
2023-03-31,90,,2001.0,8.0
2023-04-01,91,,2007.0,107.4
2023-04-02,92,,2009.0,1.8
2023-04-03,93,,2010.0,2.4
2023-04-04,94,,2013.0,25.8
2023-04-05,95,,2014.0,0.6000000000000001
2023-04-06,96,,2015.0,37.8
2023-04-07,97,,2017.0,13.4
2023-04-08,98,,2019.0,6.3999999999999995
2023-04-09,99,,2022.0,1.2
2023-04-10,100,,2025.0,0.0
2023-04-11,101,,2027.0,0.2
2023-04-12,102,,2029.0,0.2
2023-04-13,103,,2032.0,0.0
2023-04-14,104,,2037.0,24.2
2023-04-15,105,,2038.0,10.6
2023-04-16,106,,2041.0,6.4
2023-04-17,107,,2044.0,0.8
2023-04-18,108,,2047.0,0.0
2023-04-19,109,,2050.0,0.0
2023-04-20,110,,2053.0,10.2
2023-04-21,111,,2061.0,67.2
2023-04-22,112,,2063.0,0.0
2023-04-23,113,,2066.0,1.0
2023-04-24,114,,2073.0,12.4
2023-04-25,115,,2076.0,0.0
2023-04-26,116,,2079.0,0.0
2023-04-27,117,,2082.0,6.8
2023-04-28,118,,2083.0,4.199999999999999
2023-04-29,119,,2085.0,0.0
2023-04-30,120,,2087.0,1.4
2023-05-01,121,,2089.0,6.6
2023-05-02,122,,2092.0,5.0
2023-05-03,123,,2094.0,0.0
2023-05-04,124,,2099.0,38.8
2023-05-05,125,,2099.0,11.8
2023-05-06,126,,2100.0,12.8
2023-05-07,127,,2102.0,11.600000000000001
2023-05-08,128,,2104.0,16.200000000000003
2023-05-09,129,,2106.0,2.8
2023-05-10,130,,2107.0,1.2000000000000002
2023-05-11,131,,2109.0,3.2
2023-05-12,132,,2111.0,0.0
2023-05-13,133,,2112.0,0.0
2023-05-14,134,,2113.0,0.0
2023-05-15,135,,2116.0,22.6
2023-05-16,136,,2117.0,0.2
2023-05-17,137,,2118.0,0.0
2023-05-18,138,,2119.0,0.0
2023-05-19,139,,2120.0,0.0
2023-05-20,140,,2122.0,26.4
2023-05-21,141,,2124.0,21.0
2023-05-22,142,,2124.0,6.800000000000001
2023-05-23,143,,2125.0,6.0
2023-05-24,144,,2125.0,0.0
2023-05-25,145,,2125.0,0.0
2023-05-26,146,,2127.0,7.6000000000000005
2023-05-27,147,,2127.0,10.0
2023-05-28,148,,2127.0,0.0
2023-05-29,149,,2128.0,0.0
2023-05-30,150,,2127.0,3.0
2023-05-31,151,,2128.0,1.2
2023-06-01,152,,2128.0,10.2
2023-06-02,153,,2129.0,3.6
2023-06-03,154,,2128.0,6.0
2023-06-04,155,,2128.0,0.2
2023-06-05,156,,2128.0,3.4
2023-06-06,157,,2127.0,0.0
2023-06-07,158,,2126.0,0.0
2023-06-08,159,,2125.0,0.0
2023-06-09,160,,2126.0,32.4
2023-06-10,161,,2125.0,9.2
2023-06-11,162,,2123.0,0.4
2023-06-12,163,,2122.0,0.0
2023-06-13,164,,2122.0,19.8
2023-06-14,165,,2121.0,0.4
2023-06-15,166,,2119.0,0.4
2023-06-16,167,,2118.0,0.4
2023-06-17,168,,2115.0,0.6000000000000001
2023-06-18,169,,2114.0,3.4000000000000004
2023-06-19,170,,2112.0,1.0
2023-06-20,171,,2111.0,13.799999999999999
2023-06-21,172,,2109.0,0.0
2023-06-22,173,,2107.0,4.8
2023-06-23,174,,2106.0,16.0
2023-06-24,175,,2104.0,1.0
2023-06-25,176,,2100.0,2.0
2023-06-26,177,,2097.0,1.7999999999999998
2023-06-27,178,,2093.0,0.0
2023-06-28,179,,2089.0,0.0
2023-06-29,180,,2085.0,0.0
2023-06-30,181,,2080.0,0.0
2023-07-01,182,,2074.0,0.0
2023-07-02,183,,2068.0,2.8
2023-07-03,184,,2063.0,0.4
2023-07-04,185,,2055.0,0.6000000000000001
2023-07-05,186,,2046.0,0.0
2023-07-06,187,,2035.0,1.4000000000000001
2023-07-07,188,,2023.0,23.2
2023-07-08,189,,2011.0,0.2
2023-07-09,190,,1998.0,0.2
2023-07-10,191,,1983.0,15.6
2023-07-11,192,,1969.0,10.6
2023-07-12,193,,1954.0,0.0
2023-07-13,194,,1937.0,0.0
2023-07-14,195,,1918.0,17.0
2023-07-15,196,,1900.0,0.2
2023-07-16,197,,1883.0,23.6
2023-07-17,198,,1865.0,0.0
2023-07-18,199,,1847.0,0.2
2023-07-19,200,,1830.0,0.0
2023-07-20,201,,1813.0,0.0
2023-07-21,202,,1799.0,2.4000000000000004
2023-07-22,203,,1783.0,3.8000000000000003
2023-07-23,204,,1766.0,1.0
2023-07-24,205,,1754.0,5.2
2023-07-25,206,,1738.0,0.0
2023-07-26,207,,1722.0,0.2
2023-07-27,208,,1706.0,0.0
2023-07-28,209,,1691.0,0.0
2023-07-29,210,,1678.0,0.0
2023-07-30,211,,1666.0,0.0
2023-07-31,212,,1655.0,4.0
2023-08-01,213,,1645.0,1.6
2023-08-02,214,,1635.0,49.8
2023-08-03,215,,1624.0,4.6
2023-08-04,216,,1609.0,1.0
2023-08-05,217,,1595.0,0.0
2023-08-06,218,,1581.0,0.0
2023-08-07,219,,1567.0,0.0
2023-08-08,220,,1554.0,0.0
2023-08-09,221,,1542.0,0.0
2023-08-10,222,,1531.0,2.2
2023-08-11,223,,1522.0,0.0
2023-08-12,224,,1511.0,0.0
2023-08-13,225,,1501.0,0.0
2023-08-14,226,,1491.0,0.2
2023-08-15,227,,1480.0,0.0
2023-08-16,228,,1468.0,0.0
2023-08-17,229,,1456.0,0.0
2023-08-18,230,,1445.0,1.6
2023-08-19,231,,1434.0,0.0
2023-08-20,232,,1423.0,0.0
2023-08-21,233,,1412.0,0.0
2023-08-22,234,,1400.0,0.0
2023-08-23,235,,1389.0,0.0
2023-08-24,236,,1379.0,0.0
2023-08-25,237,,1373.0,0.0
2023-08-26,238,,1368.0,0.0
2023-08-27,239,,1365.0,0.0
2023-08-28,240,,1358.0,0.0
2023-08-29,241,,1348.0,8.2
2023-08-30,242,,1337.0,0.2
2023-08-31,243,,1322.0,0.0
2023-09-01,244,,1286.0,0.0
2023-09-02,245,,1265.0,0.0
2023-09-03,246,,1247.0,0.2
2023-09-04,247,,1227.0,0.0
2023-09-05,248,,1206.0,0.0
2023-09-06,249,,1182.0,0.0
2023-09-07,250,,1160.0,0.0
2023-09-08,251,,1137.0,0.0
2023-09-09,252,,1110.0,0.0
2023-09-10,253,,1087.0,4.2
2023-09-11,254,,1064.0,32.4
2023-09-12,255,,1042.0,0.0
2023-09-13,256,,1022.0,0.0
2023-09-14,257,,1002.0,1.2000000000000002
2023-09-15,258,,982.0,0.0
2023-09-16,259,,967.0,12.4
2023-09-17,260,,956.0,6.0
2023-09-18,261,,946.0,0.2
2023-09-19,262,,937.0,0.0
2023-09-20,263,,929.0,2.5999999999999996
2023-09-21,264,,922.0,0.0
2023-09-22,265,,916.0,0.0
2023-09-23,266,,910.0,1.0
2023-09-24,267,,909.0,0.2
2023-09-25,268,,909.0,4.800000000000001
2023-09-26,269,,913.0,0.2
2023-09-27,270,,922.0,0.0
2023-09-28,271,,932.0,0.0
2023-09-29,272,,940.0,0.4
2023-09-30,273,,948.0,17.8
2023-10-01,274,,952.0,0.0
2023-10-02,275,,954.0,0.0
2023-10-03,276,,950.0,0.0
2023-10-04,277,,944.0,0.0
2023-10-05,278,,938.0,0.0
2023-10-06,279,,932.0,0.2
2023-10-07,280,,926.0,0.2
2023-10-08,281,,920.0,0.0
2023-10-09,282,,912.0,0.0
2023-10-10,283,,906.0,36.599999999999994
2023-10-11,284,,898.0,4.800000000000001
2023-10-12,285,,890.0,2.4000000000000004
2023-10-13,286,,884.0,0.0
2023-10-14,287,,880.0,0.0
2023-10-15,288,,877.0,9.2
2023-10-16,289,,872.0,0.2
2023-10-17,290,,868.0,2.8
2023-10-18,291,,864.0,0.4
2023-10-19,292,,863.0,11.4
2023-10-20,293,,864.0,1.2
2023-10-21,294,,874.0,35.2
2023-10-22,295,,881.0,0.0
2023-10-23,296,,892.0,0.0
2023-10-24,297,,907.0,0.0
2023-10-25,298,,922.0,0.0
2023-10-26,299,,940.0,0.0
2023-10-27,300,,956.0,21.0
2023-10-28,301,,977.0,0.2
2023-10-29,302,,984.0,0.0
2023-10-30,303,,992.0,1.4
2023-10-31,304,,994.0,0.0
2023-11-01,305,,995.0,0.0
2023-11-02,306,,994.0,0.0
2023-11-03,307,,992.0,0.0
2023-11-04,308,,986.0,17.6
2023-11-05,309,,980.0,0.0
2023-11-06,310,,974.0,2.2
2023-11-07,311,,966.0,20.4
2023-11-08,312,,959.0,0.2
2023-11-09,313,,952.0,0.2
2023-11-10,314,,948.0,1.6
2023-11-11,315,,949.0,5.2
2023-11-12,316,,957.0,9.2
2023-11-13,317,,964.23,0.4
2023-11-14,318,,970.33,0.0
2023-11-15,319,,977.09,0.0
2023-11-16,320,,984.84,0.0
2023-11-17,321,,992.6,0.0
2023-11-18,322,,1006.35,0.0
2023-11-19,323,,1026.1,0.0
2023-11-20,324,,1049.86,4.6
2023-11-21,325,,1074.61,0.2
2023-11-22,326,,1096.37,7.4
2023-11-23,327,,1118.12,0.2
2023-11-24,328,,1137.87,15.799999999999999
2023-11-25,329,,1157.63,28.599999999999998
2023-11-26,330,,1177.38,0.0
2023-11-27,331,,1195.14,0.6
2023-11-28,332,,1210.89,0.2
2023-11-29,333,,1224.64,1.2000000000000002
2023-11-30,334,,1236.46,15.6
2023-12-01,335,,1245.15,0.2
2023-12-02,336,,1248.28,0.0
2023-12-03,337,,1251.0,0.0
2023-12-04,338,,1262.0,0.0
2023-12-05,339,,1280.0,0.0
2023-12-06,340,,1310.0,0.0
2023-12-07,341,,1346.0,0.0
2023-12-08,342,,1382.0,0.0
2023-12-09,343,,1420.0,0.0
2023-12-10,344,,1456.0,0.0
2023-12-11,345,,1487.0,0.0
2023-12-12,346,,1514.0,0.0
2023-12-13,347,,1537.0,0.0
2023-12-14,348,,1549.0,0.0
2023-12-15,349,,,0.0
2023-12-16,350,,,0.0
2023-12-17,351,,,0.0
2023-12-18,352,,,0.0
2023-12-19,353,,,0.0
2023-12-20,354,,,0.0
2023-12-21,355,,,0.0
2023-12-22,356,,,0.0
2023-12-23,357,,,0.0
2023-12-24,358,,,0.0
2023-12-25,359,,,0.0
2023-12-26,360,,,0.0
2023-12-27,361,,,0.0
2023-12-28,362,,,0.0
2023-12-29,363,,,0.0
2023-12-30,364,,,0.0
2023-12-31,365,,,0.0
2024-01-01,1,,1782.0,0.0
2024-01-02,2,,1797.0,0.0
2024-01-03,3,,1806.0,0.0
2024-01-04,4,,1814.0,0.0
2024-01-05,5,,1821.0,0.0
2024-01-06,6,,1828.0,0.0
2024-01-07,7,,1834.0,0.0
2024-01-08,8,,1838.0,0.0
2024-01-09,9,,1843.0,0.0
2024-01-10,10,,1850.0,0.0
2024-01-11,11,,1857.0,0.0
2024-01-12,12,,1860.0,0.0
2024-01-13,13,,1865.0,0.0
2024-01-14,14,,1869.0,0.0
2024-01-15,15,,1871.0,0.0
2024-01-16,16,,1874.0,0.0
2024-01-17,17,,1874.0,0.0
2024-01-18,18,,1874.0,1.8
2024-01-19,19,,1875.0,6.199999999999999
2024-01-20,20,,1876.0,0.0
2024-01-21,21,,1875.0,0.4
2024-01-22,22,,1875.0,3.2
2024-01-23,23,,1875.0,25.8
2024-01-24,24,,1873.0,5.4
2024-01-25,25,,1871.0,8.799999999999999
2024-01-26,26,,1869.0,28.599999999999998
2024-01-27,27,,1869.0,52.6
2024-01-28,28,,1869.0,2.6
2024-01-29,29,,1868.0,0.2
2024-01-30,30,,1868.0,0.0
2024-01-31,31,,1868.0,3.0
2024-02-01,32,,1869.0,0.2
2024-02-02,33,,1870.0,6.2
2024-02-03,34,,1870.0,0.2
2024-02-04,35,,1870.0,0.2
2024-02-05,36,,1869.0,13.8
2024-02-06,37,,1867.0,1.0
2024-02-07,38,,1865.0,0.2
2024-02-08,39,,1862.0,0.2
2024-02-09,40,,1859.0,5.3999999999999995
2024-02-10,41,,1857.0,3.4000000000000004
2024-02-11,42,,1854.0,0.0
2024-02-12,43,,1853.0,0.0
2024-02-13,44,,1851.0,7.2
2024-02-14,45,,1851.0,19.4
2024-02-15,46,,1853.0,14.2
2024-02-16,47,,1855.0,13.8
2024-02-17,48,,1858.0,0.2
2024-02-18,49,,1862.0,0.0
2024-02-19,50,,1866.0,0.0
2024-02-20,51,,1870.0,0.0
2024-02-21,52,,1873.0,0.0
2024-02-22,53,,1877.0,0.0
2024-02-23,54,,1881.0,0.0
2024-02-24,55,,1885.0,0.0
2024-02-25,56,,1896.0,96.2
2024-02-26,57,,1900.0,0.6000000000000001
2024-02-27,58,,1903.0,0.0
2024-02-28,59,,1907.0,0.0
2024-02-29,60,,1910.0,2.8000000000000003
2024-03-01,61,,1912.0,1.8
2024-03-02,62,,1920.0,61.0
2024-03-03,63,,1923.0,0.6000000000000001
2024-03-04,64,,1925.0,0.0
2024-03-05,65,,1926.0,10.4
2024-03-06,66,,1926.0,0.2
2024-03-07,67,,1927.0,14.2
2024-03-08,68,,1927.0,0.2
2024-03-09,69,,1927.0,0.6000000000000001
2024-03-10,70,,1927.0,16.599999999999998
2024-03-11,71,,1925.0,0.0
2024-03-12,72,,1924.0,3.4000000000000004
2024-03-13,73,,1926.0,37.8
2024-03-14,74,,1925.0,0.2
2024-03-15,75,,1925.0,35.4
2024-03-16,76,,1929.0,25.4
2024-03-17,77,,1931.0,0.4
2024-03-18,78,,1933.0,0.0
2024-03-19,79,,1935.0,9.6
2024-03-20,80,,1937.0,0.4
2024-03-21,81,,1940.0,0.2
2024-03-22,82,,1942.0,0.0
2024-03-23,83,,1944.0,9.200000000000001
2024-03-24,84,,1949.0,2.6
2024-03-25,85,,1952.0,0.2
2024-03-26,86,,1956.0,0.0
2024-03-27,87,,1960.0,36.0
2024-03-28,88,,1963.0,0.0
2024-03-29,89,,1966.0,0.0
2024-03-30,90,,1969.0,0.0
2024-03-31,91,,1971.0,72.6
2024-04-01,92,,1974.0,14.8
2024-04-02,93,,1976.0,0.0
2024-04-03,94,,1977.0,4.0
2024-04-04,95,,1980.0,0.2
2024-04-05,96,,1983.0,11.200000000000001
2024-04-06,97,,1988.0,24.6
2024-04-07,98,,1991.0,1.4000000000000001
2024-04-08,99,,1992.0,0.0
2024-04-09,100,,1992.0,4.0
2024-04-10,101,,1992.0,0.4
2024-04-11,102,,1991.0,0.8
2024-04-12,103,,1991.0,0.4
2024-04-13,104,,1990.0,0.0
2024-04-14,105,,1989.0,0.0
2024-04-15,106,,1988.0,0.0
2024-04-16,107,,1987.0,0.4
2024-04-17,108,,1986.0,0.0
2024-04-18,109,,1986.0,4.0
2024-04-19,110,,1987.0,3.2
2024-04-20,111,,1986.0,0.0
2024-04-21,112,,1985.0,0.2
2024-04-22,113,,1985.0,0.0
2024-04-23,114,,1984.0,5.6
2024-04-24,115,,1988.0,0.6000000000000001
2024-04-25,116,,1990.0,0.4
2024-04-26,117,,1989.0,0.0
2024-04-27,118,,1989.0,2.6
2024-04-28,119,,1989.0,1.6
2024-04-29,120,,1989.0,2.2
2024-04-30,121,,1989.0,0.0
2024-05-01,122,,1989.0,0.0
2024-05-02,123,,1988.0,4.2
2024-05-03,124,,1988.0,0.0
2024-05-04,125,,1987.0,0.0
2024-05-05,126,,1987.0,11.2
2024-05-06,127,,1988.0,30.0
2024-05-07,128,,1990.0,0.2
2024-05-08,129,,1990.0,1.4
2024-05-09,130,,1989.0,0.0
2024-05-10,131,,1988.0,5.8
2024-05-11,132,,1988.0,1.0
2024-05-12,133,,1987.0,19.6
2024-05-13,134,,1986.0,0.0
2024-05-14,135,,1986.0,3.2
2024-05-15,136,,1986.0,6.6
2024-05-16,137,,1991.0,71.6
2024-05-17,138,,1991.0,23.8
2024-05-18,139,,1992.0,1.6
2024-05-19,140,,1993.0,17.0
2024-05-20,141,,1995.0,7.800000000000001
2024-05-21,142,,1997.0,32.2
2024-05-22,143,,1998.0,18.2
2024-05-23,144,,1999.0,0.4
2024-05-24,145,,1999.0,33.2
2024-05-25,146,,2001.0,0.2
2024-05-26,147,,2002.0,17.6
2024-05-27,148,,2002.0,0.8
2024-05-28,149,,2002.0,0.4
2024-05-29,150,,2002.0,0.0
2024-05-30,151,,2002.0,0.2
2024-05-31,152,,2002.0,0.0
2024-06-01,153,,2001.0,0.6000000000000001
2024-06-02,154,,2002.0,0.2
2024-06-03,155,,2008.0,62.599999999999994
2024-06-04,156,,2006.0,4.2
2024-06-05,157,,2005.0,12.2
2024-06-06,158,,2004.0,29.4
2024-06-07,159,,2003.0,1.7999999999999998
2024-06-08,160,,2001.0,0.2
2024-06-09,161,,2000.0,3.0
2024-06-10,162,,1998.0,0.0
2024-06-11,163,,1995.0,0.0
2024-06-12,164,,1992.0,14.6
2024-06-13,165,,1991.0,0.2
2024-06-14,166,,1987.0,2.6
2024-06-15,167,,1982.0,1.0
2024-06-16,168,,1977.0,4.4
2024-06-17,169,,1972.0,0.0
2024-06-18,170,,1964.0,0.0
2024-06-19,171,,1956.0,0.6000000000000001
2024-06-20,172,,1946.0,0.0
2024-06-21,173,,1935.0,0.2
2024-06-22,174,,1924.0,0.0
2024-06-23,175,,1912.0,0.0
2024-06-24,176,,1900.0,0.0
2024-06-25,177,,1887.0,5.2
2024-06-26,178,,1875.0,0.0
2024-06-27,179,,1864.0,0.0
2024-06-28,180,,1851.0,3.6
2024-06-29,181,,1840.0,0.0
2024-06-30,182,,1827.0,0.0
2024-07-01,183,,1816.0,10.4
2024-07-02,184,,1806.0,8.4
2024-07-03,185,,1799.0,22.400000000000002
2024-07-04,186,,1791.0,0.4
2024-07-05,187,,1782.0,4.4
2024-07-06,188,,1777.0,0.0
2024-07-07,189,,1768.0,0.0
2024-07-08,190,,1757.0,27.200000000000003
2024-07-09,191,,1745.0,0.0
2024-07-10,192,,1731.0,34.4
2024-07-11,193,,1719.0,2.0
2024-07-12,194,,1706.0,7.0
2024-07-13,195,,1696.0,40.4
2024-07-14,196,,1688.0,0.0
2024-07-15,197,,1679.0,0.0
2024-07-16,198,,1670.0,0.0
2024-07-17,199,,1662.0,0.4
2024-07-18,200,,1653.0,0.0
2024-07-19,201,,1642.0,0.2
2024-07-20,202,,1630.0,2.2
2024-07-21,203,,1619.0,0.6
2024-07-22,204,,1603.0,17.4
2024-07-23,205,,1591.0,0.4
2024-07-24,206,,1580.0,0.0
2024-07-25,207,,1572.0,0.8
2024-07-26,208,,1569.0,8.399999999999999
2024-07-27,209,,1562.0,0.0
2024-07-28,210,,1546.0,0.0
2024-07-29,211,,1535.0,5.8
2024-07-30,212,,1525.0,1.7999999999999998
2024-07-31,213,,1510.0,0.0
2024-08-01,214,,1474.0,12.2
2024-08-02,215,,1450.0,0.0
2024-08-03,216,,1426.0,0.0
2024-08-04,217,,1401.0,10.0
2024-08-05,218,,1372.0,0.2
2024-08-06,219,,1347.0,0.0
2024-08-07,220,,1320.0,0.0
2024-08-08,221,,1286.0,0.2
2024-08-09,222,,1256.0,0.2
2024-08-10,223,,1225.0,0.0
2024-08-11,224,,1195.0,0.0
2024-08-12,225,,1167.0,0.0
2024-08-13,226,,1140.0,0.0
2024-08-14,227,,1113.0,36.2
2024-08-15,228,,1090.0,0.4
2024-08-16,229,,1070.0,2.0
2024-08-17,230,,1050.0,0.2
2024-08-18,231,,1032.0,0.0
2024-08-19,232,,1016.0,0.0
2024-08-20,233,,1002.0,0.0
2024-08-21,234,,992.0,0.0
2024-08-22,235,,982.0,0.0
2024-08-23,236,,975.0,0.0
2024-08-24,237,,968.0,0.0
2024-08-25,238,,962.0,0.0
2024-08-26,239,,959.0,26.8
2024-08-27,240,,952.0,0.0
2024-08-28,241,,942.0,0.0
2024-08-29,242,,934.0,0.0
2024-08-30,243,,925.0,21.0
2024-08-31,244,,916.0,0.0
2024-09-01,245,,908.0,0.0
2024-09-02,246,,898.0,6.6000000000000005
2024-09-03,247,,886.0,3.2
2024-09-04,248,,877.0,10.4
2024-09-05,249,,868.0,3.0
2024-09-06,250,,860.0,2.4000000000000004
2024-09-07,251,,852.0,0.4
2024-09-08,252,,846.0,7.8
2024-09-09,253,,839.0,0.0
2024-09-10,254,,832.0,0.0
2024-09-11,255,,822.0,4.3999999999999995
2024-09-12,256,,812.0,0.0
2024-09-13,257,,804.0,0.2
2024-09-14,258,,795.0,0.0
2024-09-15,259,,786.0,0.0
2024-09-16,260,,778.0,0.0
2024-09-17,261,,773.0,9.600000000000001
2024-09-18,262,,770.0,0.0
2024-09-19,263,,762.0,0.0
2024-09-20,264,,757.0,0.0
2024-09-21,265,,752.0,1.0
2024-09-22,266,,748.0,0.2
2024-09-23,267,,744.0,0.0
2024-09-24,268,,740.0,0.0
2024-09-25,269,,738.0,0.0
2024-09-26,270,,735.0,0.0
2024-09-27,271,,732.0,53.4
2024-09-28,272,,738.0,2.4000000000000004
2024-09-29,273,,734.0,0.0
2024-09-30,274,,732.0,0.0
2024-10-01,275,,730.0,0.0
2024-10-02,276,,728.0,0.0
2024-10-03,277,,726.0,3.5999999999999996
2024-10-04,278,,724.0,0.0
2024-10-05,279,,722.0,0.0
2024-10-06,280,,722.0,0.0
2024-10-07,281,,721.0,1.4
2024-10-08,282,,720.0,0.0
2024-10-09,283,,719.0,0.0
2024-10-10,284,,718.0,0.0
2024-10-11,285,,718.0,0.0
2024-10-12,286,,717.0,0.0
2024-10-13,287,,718.0,10.8
2024-10-14,288,,718.0,7.4
2024-10-15,289,,718.0,0.2
2024-10-16,290,,720.0,0.0
2024-10-17,291,,722.0,0.0
2024-10-18,292,,726.0,0.0
2024-10-19,293,,729.0,0.0
2024-10-20,294,,732.0,0.4
2024-10-21,295,,735.0,0.0
2024-10-22,296,,737.0,6.4
2024-10-23,297,,742.0,0.0
2024-10-24,298,,746.0,0.0
2024-10-25,299,,751.0,0.0
2024-10-26,300,,759.0,1.6
2024-10-27,301,,771.0,42.0
2024-10-28,302,,779.0,0.0
2024-10-29,303,,785.0,0.0
2024-10-30,304,,789.0,0.0
2024-10-31,305,,790.0,0.0
2024-11-01,306,,790.0,0.0
2024-11-02,307,,790.0,0.0
2024-11-03,308,,793.0,27.2
2024-11-04,309,,809.0,0.0
2024-11-05,310,,836.0,26.400000000000002
2024-11-06,311,,885.0,0.6000000000000001
2024-11-07,312,,935.0,0.0
2024-11-08,313,,988.0,0.0
2024-11-09,314,,1033.0,45.8
2024-11-10,315,,1066.0,0.0
2024-11-11,316,,1092.0,0.0
2024-11-12,317,,1105.0,57.0
2024-11-13,318,,1115.0,2.4
2024-11-14,319,,1123.0,0.2
2024-11-15,320,,1124.0,0.0
2024-11-16,321,,1126.0,0.0
2024-11-17,322,,1122.0,0.0
2024-11-18,323,,1114.0,0.0
2024-11-19,324,,1104.0,0.0
2024-11-20,325,,1093.0,3.2
2024-11-21,326,,1083.0,0.2
2024-11-22,327,,1073.0,6.4
2024-11-23,328,,1066.0,0.8
2024-11-24,329,,1061.0,0.8
2024-11-25,330,,1061.0,1.4
2024-11-26,331,,1068.0,0.8
2024-11-27,332,,1075.0,0.0
2024-11-28,333,,1082.0,0.0
2024-11-29,334,,1091.0,0.0
2024-11-30,335,,1099.0,0.0
2024-12-01,336,,1120.0,0.0
2024-12-02,337,,1142.0,17.0
2024-12-03,338,,1163.0,17.4
2024-12-04,339,,1185.0,0.0
2024-12-05,340,,1205.0,10.2
2024-12-06,341,,1224.0,3.6
2024-12-07,342,,1240.0,0.2
2024-12-08,343,,1257.0,7.4
2024-12-09,344,,1273.0,6.4
2024-12-10,345,,1292.0,41.6
2024-12-11,346,,1313.0,0.0
2024-12-12,347,,1334.0,1.4000000000000001
2024-12-13,348,,1358.0,3.6
2024-12-14,349,,1382.0,0.0
2024-12-15,350,,1404.0,7.0
2024-12-16,351,,1424.0,10.8
2024-12-17,352,,1445.0,7.0
2024-12-18,353,,1465.0,20.8
2024-12-19,354,,1483.0,10.4
2024-12-20,355,,1499.0,0.0
2024-12-21,356,,1514.0,11.0
2024-12-22,357,,1528.0,1.4000000000000001
2024-12-23,358,,1542.0,4.800000000000001
2024-12-24,359,,1556.0,0.8
2024-12-25,360,,1571.0,0.4
2024-12-26,361,,1591.0,0.2
2024-12-27,362,,1608.0,25.8
2024-12-28,363,,1627.0,0.2
2024-12-29,364,,1646.0,0.2
2024-12-30,365,,1660.0,0.4
2024-12-31,366,,1673.0,0.2
2025-01-01,1,,1686.0,8.2
2025-01-02,2,,1699.0,25.0
2025-01-03,3,,1709.0,0.0
2025-01-04,4,,1718.0,0.2
2025-01-05,5,,1729.0,0.0
2025-01-06,6,,1739.0,0.2
2025-01-07,7,,1747.0,0.0
2025-01-08,8,,1754.0,0.0
2025-01-09,9,,1759.0,0.0
2025-01-10,10,,1765.0,0.0
2025-01-11,11,,1769.0,0.0
2025-01-12,12,,1772.0,0.0
2025-01-13,13,,1777.0,0.0
2025-01-14,14,,1781.0,0.2
2025-01-15,15,,1785.0,0.0
2025-01-16,16,,1789.0,0.0
2025-01-17,17,,1792.0,0.0
2025-01-18,18,,1796.0,0.2
2025-01-19,19,,1797.0,0.0
2025-01-20,20,,1798.0,0.8
2025-01-21,21,,1796.0,0.0
2025-01-22,22,,1792.0,0.2
2025-01-23,23,,1788.0,3.6
2025-01-24,24,,1782.0,0.2
2025-01-25,25,,1772.0,1.0
2025-01-26,26,,1760.0,12.0
2025-01-27,27,,1747.0,3.0
2025-01-28,28,,1731.0,0.0
2025-01-29,29,,1713.0,0.0
2025-01-30,30,,1694.0,3.0
2025-01-31,31,,1678.0,1.4
2025-02-01,32,,1661.0,0.0
2025-02-02,33,,1644.0,0.0
2025-02-03,34,,1629.0,0.0
2025-02-04,35,,1616.0,0.0
2025-02-05,36,,1607.0,0.6000000000000001
2025-02-06,37,,1603.0,4.0
2025-02-07,38,,1605.0,40.0
2025-02-08,39,,1611.0,5.8
2025-02-09,40,,1624.0,50.0
2025-02-10,41,,1636.0,6.4
2025-02-11,42,,1648.0,5.800000000000001
2025-02-12,43,,1661.0,0.4
2025-02-13,44,,1675.0,5.0
2025-02-14,45,,1695.0,1.2
2025-02-15,46,,1717.0,0.8
2025-02-16,47,,1737.0,0.0
2025-02-17,48,,1755.0,2.0
2025-02-18,49,,1775.0,13.0
2025-02-19,50,,1790.0,0.4
2025-02-20,51,,1803.0,0.0
2025-02-21,52,,1814.0,5.0
2025-02-22,53,,1827.0,0.0
2025-02-23,54,,1842.0,57.800000000000004
2025-02-24,55,,1852.0,0.2
2025-02-25,56,,1862.0,8.2
2025-02-26,57,,1872.0,0.4
2025-02-27,58,,1881.0,0.6
2025-02-28,59,,1891.0,0.6000000000000001
2025-03-01,60,,1899.0,0.0
2025-03-02,61,,1906.0,0.0
2025-03-03,62,,1912.0,1.2
2025-03-04,63,,1919.0,0.6000000000000001
2025-03-05,64,,1924.0,9.6
2025-03-06,65,,1930.0,21.4
2025-03-07,66,,1936.0,2.2
2025-03-08,67,,1941.0,0.4
2025-03-09,68,,1946.0,20.0
2025-03-10,69,,1951.0,28.8
2025-03-11,70,,1957.0,0.8
2025-03-12,71,,1961.0,0.2
2025-03-13,72,,1964.0,8.6
2025-03-14,73,,1967.0,66.4
2025-03-15,74,,1973.0,0.2
2025-03-16,75,,1977.0,0.0
2025-03-17,76,,1980.0,11.2
2025-03-18,77,,1984.0,16.4
2025-03-19,78,,1989.0,27.4
2025-03-20,79,,1991.0,0.8
2025-03-21,80,,1993.0,0.0
2025-03-22,81,,1996.0,0.0
2025-03-23,82,,1999.0,16.6
2025-03-24,83,,2001.0,4.2
2025-03-25,84,,2004.0,0.2
2025-03-26,85,,2006.0,1.2000000000000002
2025-03-27,86,,2010.0,1.6
2025-03-28,87,,2012.0,0.2
2025-03-29,88,,2017.0,3.4
2025-03-30,89,,2020.0,43.8
2025-03-31,90,,2023.0,0.0
2025-04-01,91,,2027.0,16.2
2025-04-02,92,,2030.0,24.4
2025-04-03,93,,2035.0,22.8
2025-04-04,94,,2039.0,2.6
2025-04-05,95,,2046.0,36.6
2025-04-06,96,,2049.0,2.2
2025-04-07,97,,2052.0,0.8
2025-04-08,98,,2057.0,0.2
2025-04-09,99,,2061.0,1.2000000000000002
2025-04-10,100,,2065.0,11.2
2025-04-11,101,,2069.0,2.6
2025-04-12,102,,2072.0,10.0
2025-04-13,103,,2078.0,0.6000000000000001
2025-04-14,104,,2083.0,11.6
2025-04-15,105,,2090.0,83.2
2025-04-16,106,,2094.0,0.0
2025-04-17,107,,2098.0,0.0
2025-04-18,108,,2103.0,6.800000000000001
2025-04-19,109,,2106.0,1.2000000000000002
2025-04-20,110,,2109.0,0.2
2025-04-21,111,,2112.0,0.0
2025-04-22,112,,2114.0,0.0
2025-04-23,113,,2116.0,0.0
2025-04-24,114,,2118.0,10.6
2025-04-25,115,,2120.0,0.2
2025-04-26,116,,2122.0,30.0
2025-04-27,117,,2125.0,6.2
2025-04-28,118,,2126.0,0.2
2025-04-29,119,,2130.0,5.4
2025-04-30,120,,2133.0,0.2
2025-05-01,121,,2134.0,0.0
2025-05-02,122,,2135.0,3.2
2025-05-03,123,,2137.0,1.2
2025-05-04,124,,2141.0,100.2
2025-05-05,125,,2142.0,0.0
2025-05-06,126,,2143.0,3.1999999999999997
2025-05-07,127,,2143.0,0.2
2025-05-08,128,,2144.0,5.4
2025-05-09,129,,2145.0,0.2
2025-05-10,130,,2145.0,0.0
2025-05-11,131,,2147.0,6.6000000000000005
2025-05-12,132,,2149.0,28.599999999999998
2025-05-13,133,,2149.0,7.2
2025-05-14,134,,2151.0,15.799999999999999
2025-05-15,135,,2153.0,1.2000000000000002
2025-05-16,136,,2154.0,0.4
2025-05-17,137,,2157.0,25.4
2025-05-18,138,,2156.0,1.2
2025-05-19,139,,2157.0,0.2
2025-05-20,140,,2158.0,0.0
2025-05-21,141,,2160.0,17.6
2025-05-22,142,,2161.0,12.6
2025-05-23,143,,2161.0,18.599999999999998
2025-05-24,144,,2163.0,25.2
2025-05-25,145,,2164.0,0.4
2025-05-26,146,,2166.0,16.8
2025-05-27,147,,2166.0,0.0
2025-05-28,148,,2167.0,0.0
2025-05-29,149,,2167.0,0.4
2025-05-30,150,,2169.0,6.2
2025-05-31,151,,2169.0,0.2
2025-06-01,152,,2169.0,11.0
2025-06-02,153,,2171.0,3.5999999999999996
2025-06-03,154,,2172.0,5.8
2025-06-04,155,,2173.0,0.4
2025-06-05,156,,2174.0,17.0
2025-06-06,157,,2176.0,42.4
2025-06-07,158,,2175.0,0.6
2025-06-08,159,,2176.0,6.6
2025-06-09,160,,2177.0,15.2
2025-06-10,161,,2177.0,0.4
2025-06-11,162,,2177.0,5.4
2025-06-12,163,,2179.0,3.4000000000000004
2025-06-13,164,,2178.0,0.0
2025-06-14,165,,2178.0,25.6
2025-06-15,166,,2179.0,0.2
2025-06-16,167,,2179.0,24.0
2025-06-17,168,,2179.0,0.0
2025-06-18,169,,2178.0,0.0
2025-06-19,170,,2177.0,0.0
2025-06-20,171,,2176.0,5.0
2025-06-21,172,,2177.0,6.8
2025-06-22,173,,2177.0,9.2
2025-06-23,174,,2175.0,1.4
2025-06-24,175,,2174.0,0.0
2025-06-25,176,,2174.0,45.4
2025-06-26,177,,2172.0,0.2
2025-06-27,178,,2172.0,3.2
2025-06-28,179,,2170.0,0.0
2025-06-29,180,,2169.0,15.6
2025-06-30,181,,2167.0,11.600000000000001
2025-07-01,182,,2165.0,0.2
2025-07-02,183,,2163.0,0.0
2025-07-03,184,,2161.0,0.0
2025-07-04,185,,2158.0,0.0
2025-07-05,186,,2156.0,8.2
2025-07-06,187,,2154.0,8.2
2025-07-07,188,,2151.0,0.0
2025-07-08,189,,2149.0,9.4
2025-07-09,190,,2145.0,0.0
2025-07-10,191,,2141.0,6.800000000000001
2025-07-11,192,,2138.0,0.2
2025-07-12,193,,2133.0,0.4
2025-07-13,194,,2129.0,1.2
2025-07-14,195,,2125.0,2.5999999999999996
2025-07-15,196,,2120.0,12.8
2025-07-16,197,,2117.0,16.8
2025-07-17,198,,2112.0,1.2000000000000002
2025-07-18,199,,2107.0,1.4
2025-07-19,200,,2101.0,0.0
2025-07-20,201,,2095.0,0.0
2025-07-21,202,,2090.0,1.8
2025-07-22,203,,2083.0,0.0
2025-07-23,204,,2076.0,24.0
2025-07-24,205,,2070.0,0.0
2025-07-25,206,,2061.0,0.0
2025-07-26,207,,2052.0,0.2
2025-07-27,208,,2042.0,0.0
2025-07-28,209,,2032.0,0.0
2025-07-29,210,,2020.0,0.0
2025-07-30,211,,2008.0,0.0
2025-07-31,212,,1996.0,0.0
2025-08-01,213,,1983.0,0.0
2025-08-02,214,,1973.0,103.6
2025-08-03,215,,1963.0,0.8
2025-08-04,216,,1949.0,0.0
2025-08-05,217,,1934.0,0.0
2025-08-06,218,,1920.0,5.4
2025-08-07,219,,1908.0,1.4
2025-08-08,220,,1894.0,25.0
2025-08-09,221,,1882.0,17.2
2025-08-10,222,,1868.0,31.200000000000003
2025-08-11,223,,1859.0,0.2
2025-08-12,224,,1846.0,0.0
2025-08-13,225,,1834.0,15.4
2025-08-14,226,,1822.0,12.4
2025-08-15,227,,1813.0,0.0
2025-08-16,228,,1804.0,0.4
2025-08-17,229,,1795.0,1.5999999999999999
2025-08-18,230,,1785.0,0.0
2025-08-19,231,,1775.0,0.0
2025-08-20,232,,1763.0,0.0
2025-08-21,233,,1752.0,15.399999999999999
2025-08-22,234,,1742.0,0.0
2025-08-23,235,,1732.0,0.0
2025-08-24,236,,1724.0,0.0
2025-08-25,237,,1715.0,2.8
2025-08-26,238,,1706.0,4.4
2025-08-27,239,,1699.0,0.0
2025-08-28,240,,1688.0,1.0
2025-08-29,241,,1676.0,4.0
2025-08-30,242,,1662.0,0.0
2025-08-31,243,,1648.0,0.4
2025-09-01,244,,1631.0,0.0
2025-09-02,245,,1611.0,0.0
2025-09-03,246,,1590.0,3.6
2025-09-04,247,,1570.0,0.0
2025-09-05,248,,1550.0,0.0
2025-09-06,249,,1530.0,28.200000000000003
2025-09-07,250,,1512.0,1.8
2025-09-08,251,,1497.0,0.0
2025-09-09,252,,1480.0,0.0
2025-09-10,253,,1464.0,0.0
2025-09-11,254,,1448.0,0.0
2025-09-12,255,,1441.0,3.2
2025-09-13,256,,1424.0,38.2
2025-09-14,257,,1412.0,0.0
2025-09-15,258,,1401.0,0.2
2025-09-16,259,,1398.0,0.0
2025-09-17,260,,1389.0,21.8
2025-09-18,261,,1387.0,0.2
2025-09-19,262,,1384.0,3.4000000000000004
2025-09-20,263,,1383.0,0.2
2025-09-21,264,,1384.0,0.0
2025-09-22,265,,1385.0,0.0
2025-09-23,266,,1387.0,0.6
2025-09-24,267,,1392.0,44.6
2025-09-25,268,,1392.0,30.0
2025-09-26,269,,1392.0,0.2
2025-09-27,270,,1390.0,0.2
2025-09-28,271,,1388.0,0.0
2025-09-29,272,,1391.0,9.6
2025-09-30,273,,1391.0,0.0
2025-10-01,274,,1388.0,7.6
2025-10-02,275,,1383.0,6.4
2025-10-03,276,,1383.0,0.0
2025-10-04,277,,1381.0,10.6
2025-10-05,278,,1382.0,22.6
2025-10-06,279,,1386.0,0.4
2025-10-07,280,,1394.0,13.6
2025-10-08,281,,1400.0,0.0
2025-10-09,282,,1403.0,0.0
2025-10-10,283,,1405.0,0.0
2025-10-11,284,,1406.0,2.6
2025-10-12,285,,1407.0,0.0
2025-10-13,286,,1407.0,0.0
2025-10-14,287,,1411.0,0.2
2025-10-15,288,,1416.0,0.0
2025-10-16,289,,1418.0,0.0
2025-10-17,290,,1420.0,0.0
2025-10-18,291,,1423.0,11.0
2025-10-19,292,,1425.0,40.0
2025-10-20,293,,1434.0,0.2
2025-10-21,294,,1438.0,1.0
2025-10-22,295,,1444.0,0.2
2025-10-23,296,,1449.0,1.8
2025-10-24,297,,1455.0,48.2
2025-10-25,298,,1460.0,0.6
2025-10-26,299,,1463.0,0.2
2025-10-27,300,,1466.0,0.0
2025-10-28,301,,1469.0,10.4
2025-10-29,302,,1479.0,0.2
2025-10-30,303,,1485.0,22.2
2025-10-31,304,,1491.0,0.2
2025-11-01,305,,1496.0,0.0
2025-11-02,306,,1499.0,0.0
2025-11-03,307,,1502.0,4.8
2025-11-04,308,,1512.0,27.6
2025-11-05,309,,1516.0,0.0
2025-11-06,310,,1524.0,2.4
2025-11-07,311,,1536.0,1.8
2025-11-08,312,,1549.0,0.0
2025-11-09,313,,1564.0,0.0
2025-11-10,314,,1579.0,0.0
2025-11-11,315,,1594.0,7.4
2025-11-12,316,,1608.0,0.0
2025-11-13,317,,1618.0,12.4
2025-11-14,318,,1628.0,8.200000000000001
2025-11-15,319,,1634.0,0.8
2025-11-16,320,,1643.0,0.0
2025-11-17,321,,1649.0,0.0
2025-11-18,322,,1656.0,0.0
2025-11-19,323,,1662.0,0.0
2025-11-20,324,,1670.0,23.400000000000002
2025-11-21,325,,1678.0,10.4
2025-11-22,326,,1686.0,35.0
2025-11-23,327,,1701.0,55.8
2025-11-24,328,,1708.0,0.0
2025-11-25,329,,1720.0,58.6
2025-11-26,330,,1731.0,0.2
2025-11-27,331,,1741.0,0.0
2025-11-28,332,,1752.0,7.2
2025-11-29,333,,1763.0,0.4
2025-11-30,334,,1779.0,111.0
2025-12-01,335,,1789.0,0.0
2025-12-02,336,,1798.0,5.4
2025-12-03,337,,1820.0,87.2
2025-12-04,338,,1826.0,0.0
2025-12-05,339,,1835.0,0.0
2025-12-06,340,,1845.0,0.0
2025-12-07,341,,1853.0,8.799999999999999
2025-12-08,342,,1856.0,0.0
2025-12-09,343,,1859.0,0.0
2025-12-10,344,,1862.0,0.0
2025-12-11,345,,1867.0,0.0
2025-12-12,346,,1870.0,0.0
2025-12-13,347,,1871.0,0.2
2025-12-14,348,,1872.0,0.8
2025-12-15,349,,1872.0,69.2
2025-12-16,350,,1872.0,26.2
2025-12-17,351,,1872.0,11.200000000000001
2025-12-18,352,,1870.0,34.0
2025-12-19,353,,1864.0,8.799999999999999
2025-12-20,354,,1858.0,5.6
2025-12-21,355,,1851.0,4.8
2025-12-22,356,,1840.0,0.2
2025-12-23,357,,1840.0,85.8
2025-12-24,358,,1834.0,0.2
2025-12-25,359,,1825.0,27.599999999999998
2025-12-26,360,,1818.0,32.4
2025-12-27,361,,1810.0,2.6
2025-12-28,362,,1796.0,11.799999999999999
2025-12-29,363,,1784.0,24.6
2025-12-30,364,,1772.0,1.4000000000000001
2025-12-31,365,,1759.0,0.2
2026-01-01,1,,1747.0,9.8
2026-01-02,2,,1740.0,0.0
2026-01-03,3,,1730.0,0.0
2026-01-04,4,,1720.0,0.0
2026-01-05,5,,1711.0,11.600000000000001
2026-01-06,6,,1703.0,0.0
2026-01-07,7,,1697.0,3.1999999999999997
2026-01-08,8,,1692.0,3.0
2026-01-09,9,,1688.0,10.200000000000001
2026-01-10,10,,1686.0,0.2
2026-01-11,11,,1688.0,0.4
2026-01-12,12,,1694.0,52.8
2026-01-13,13,,1702.0,0.2
2026-01-14,14,,1710.0,0.0
2026-01-15,15,,1720.0,35.0
2026-01-16,16,,1728.0,6.0
2026-01-17,17,,1740.0,21.0
2026-01-18,18,,1753.0,1.0
2026-01-19,19,,1760.0,2.4000000000000004
2026-01-20,20,,1780.0,7.4
2026-01-21,21,,1794.0,33.0
2026-01-22,22,,1806.0,0.0
2026-01-23,23,,1820.0,1.6
2026-01-24,24,,1831.0,0.0
2026-01-25,25,,1841.0,0.0
2026-01-26,26,,1854.0,0.0
2026-01-27,27,,1863.0,7.0
2026-01-28,28,,1872.0,7.3999999999999995
2026-01-29,29,,1882.0,36.2
2026-01-30,30,,1891.0,3.6
2026-01-31,31,,1900.0,13.2
2026-02-01,32,,1908.0,0.0
2026-02-02,33,,1914.0,0.0
2026-02-03,34,,1919.0,0.0
2026-02-04,35,,1925.0,1.8
2026-02-05,36,,1936.0,15.2
2026-02-06,37,,1943.0,0.4
2026-02-07,38,,1947.0,0.0
2026-02-08,39,,1952.0,0.0
2026-02-09,40,,1958.0,0.6000000000000001
2026-02-10,41,,1962.0,0.2
2026-02-11,42,,1965.0,26.0
2026-02-12,43,,1969.0,1.6
2026-02-13,44,,1971.0,10.2
2026-02-14,45,,1974.0,2.8000000000000003
2026-02-15,46,,1978.0,14.6
2026-02-16,47,,1981.0,16.4
2026-02-17,48,,1986.0,7.6
2026-02-18,49,,1985.0,0.0
2026-02-18,49,,,
2026-02-19,50,,,
2026-02-20,51,,,
2026-02-21,52,,,
2026-02-22,53,,,
2026-02-23,54,,,
2026-02-24,55,,,
2026-02-25,56,,,
2026-02-26,57,,,
2026-02-27,58,,,
2026-02-28,59,,,
2026-03-01,60,,,
2026-03-02,61,,,
2026-03-03,62,,,
2026-03-04,63,,,
2026-03-05,64,,,
2026-03-06,65,,,
2026-03-07,66,,,
2026-03-08,67,,,
2026-03-09,68,,,
2026-03-10,69,,,
2026-03-11,70,,,
2026-03-12,71,,,
2026-03-13,72,,,
2026-03-14,73,,,
2026-03-15,74,,,
2026-03-16,75,,,
2026-03-17,76,,,
2026-03-18,77,,,
2026-03-19,78,,,
2026-03-20,79,,,
2026-03-21,80,,,
2026-03-22,81,,,
2026-03-23,82,,,
2026-03-24,83,,,
2026-03-25,84,,,
2026-03-26,85,,,
2026-03-27,86,,,
2026-03-28,87,,,
2026-03-29,88,,,
2026-03-30,89,,,
2026-03-31,90,,,
2026-04-01,91,,,
2026-04-02,92,,,
2026-04-03,93,,,
2026-04-04,94,,,
2026-04-05,95,,,
2026-04-06,96,,,
2026-04-07,97,,,
2026-04-08,98,,,
2026-04-09,99,,,
2026-04-10,100,,,
2026-04-11,101,,,
2026-04-12,102,,,
2026-04-13,103,,,
2026-04-14,104,,,
2026-04-15,105,,,
2026-04-16,106,,,
2026-04-17,107,,,
2026-04-18,108,,,
2026-04-19,109,,,
2026-04-20,110,,,
2026-04-21,111,,,
2026-04-22,112,,,
2026-04-23,113,,,
2026-04-24,114,,,
2026-04-25,115,,,
2026-04-26,116,,,
2026-04-27,117,,,
2026-04-28,118,,,
2026-04-29,119,,,
2026-04-30,120,,,
2026-05-01,121,,,
2026-05-02,122,,,
2026-05-03,123,,,
2026-05-04,124,,,
2026-05-05,125,,,
2026-05-06,126,,,
2026-05-07,127,,,
2026-05-08,128,,,
2026-05-09,129,,,
2026-05-10,130,,,
2026-05-11,131,,,
2026-05-12,132,,,
2026-05-13,133,,,
2026-05-14,134,,,
2026-05-15,135,,,
2026-05-16,136,,,
2026-05-17,137,,,
2026-05-18,138,,,
2026-05-19,139,,,
2026-05-20,140,,,
2026-05-21,141,,,
2026-05-22,142,,,
2026-05-23,143,,,
2026-05-24,144,,,
2026-05-25,145,,,
2026-05-26,146,,,
2026-05-27,147,,,
2026-05-28,148,,,
2026-05-29,149,,,
2026-05-30,150,,,
2026-05-31,151,,,
2026-06-01,152,,,
2026-06-02,153,,,
2026-06-03,154,,,
2026-06-04,155,,,
2026-06-05,156,,,
2026-06-06,157,,,
2026-06-07,158,,,
2026-06-08,159,,,
2026-06-09,160,,,
2026-06-10,161,,,
2026-06-11,162,,,
2026-06-12,163,,,
2026-06-13,164,,,
2026-06-14,165,,,
2026-06-15,166,,,
2026-06-16,167,,,
2026-06-17,168,,,
2026-06-18,169,,,
2026-06-19,170,,,
2026-06-20,171,,,
2026-06-21,172,,,
2026-06-22,173,,,
2026-06-23,174,,,
2026-06-24,175,,,
2026-06-25,176,,,
2026-06-26,177,,,
2026-06-27,178,,,
2026-06-28,179,,,
2026-06-29,180,,,
2026-06-30,181,,,
2026-07-01,182,,,
2026-07-02,183,,,
2026-07-03,184,,,
2026-07-04,185,,,
2026-07-05,186,,,
2026-07-06,187,,,
2026-07-07,188,,,
2026-07-08,189,,,
2026-07-09,190,,,
2026-07-10,191,,,
2026-07-11,192,,,
2026-07-12,193,,,
2026-07-13,194,,,
2026-07-14,195,,,
2026-07-15,196,,,
2026-07-16,197,,,
2026-07-17,198,,,
2026-07-18,199,,,
2026-07-19,200,,,
2026-07-20,201,,,
2026-07-21,202,,,
2026-07-22,203,,,
2026-07-23,204,,,
2026-07-24,205,,,
2026-07-25,206,,,
2026-07-26,207,,,
2026-07-27,208,,,
2026-07-28,209,,,
2026-07-29,210,,,
2026-07-30,211,,,
2026-07-31,212,,,
2026-08-01,213,,,
2026-08-02,214,,,
2026-08-03,215,,,
2026-08-04,216,,,
2026-08-05,217,,,
2026-08-06,218,,,
2026-08-07,219,,,
2026-08-08,220,,,
2026-08-09,221,,,
2026-08-10,222,,,
2026-08-11,223,,,
2026-08-12,224,,,
2026-08-13,225,,,
2026-08-14,226,,,
2026-08-15,227,,,
2026-08-16,228,,,
2026-08-17,229,,,
2026-08-18,230,,,
2026-08-19,231,,,
2026-08-20,232,,,
2026-08-21,233,,,
2026-08-22,234,,,
2026-08-23,235,,,
2026-08-24,236,,,
2026-08-25,237,,,
2026-08-26,238,,,
2026-08-27,239,,,
2026-08-28,240,,,
2026-08-29,241,,,
2026-08-30,242,,,
2026-08-31,243,,,
2026-09-01,244,,,
2026-09-02,245,,,
2026-09-03,246,,,
2026-09-04,247,,,
2026-09-05,248,,,
2026-09-06,249,,,
2026-09-07,250,,,
2026-09-08,251,,,
2026-09-09,252,,,
2026-09-10,253,,,
2026-09-11,254,,,
2026-09-12,255,,,
2026-09-13,256,,,
2026-09-14,257,,,
2026-09-15,258,,,
2026-09-16,259,,,
2026-09-17,260,,,
2026-09-18,261,,,
2026-09-19,262,,,
2026-09-20,263,,,
2026-09-21,264,,,
2026-09-22,265,,,
2026-09-23,266,,,
2026-09-24,267,,,
2026-09-25,268,,,
2026-09-26,269,,,
2026-09-27,270,,,
2026-09-28,271,,,
2026-09-29,272,,,
2026-09-30,273,,,
2026-10-01,274,,,
2026-10-02,275,,,
2026-10-03,276,,,
2026-10-04,277,,,
2026-10-05,278,,,
2026-10-06,279,,,
2026-10-07,280,,,
2026-10-08,281,,,
2026-10-09,282,,,
2026-10-10,283,,,
2026-10-11,284,,,
2026-10-12,285,,,
2026-10-13,286,,,
2026-10-14,287,,,
2026-10-15,288,,,
2026-10-16,289,,,
2026-10-17,290,,,
2026-10-18,291,,,
2026-10-19,292,,,
2026-10-20,293,,,
2026-10-21,294,,,
2026-10-22,295,,,
2026-10-23,296,,,
2026-10-24,297,,,
2026-10-25,298,,,
2026-10-26,299,,,
2026-10-27,300,,,
2026-10-28,301,,,
2026-10-29,302,,,
2026-10-30,303,,,
2026-10-31,304,,,
2026-11-01,305,,,
2026-11-02,306,,,
2026-11-03,307,,,
2026-11-04,308,,,
2026-11-05,309,,,
2026-11-06,310,,,
2026-11-07,311,,,
2026-11-08,312,,,
2026-11-09,313,,,
2026-11-10,314,,,
2026-11-11,315,,,
2026-11-12,316,,,
2026-11-13,317,,,
2026-11-14,318,,,
2026-11-15,319,,,
2026-11-16,320,,,
2026-11-17,321,,,
2026-11-18,322,,,
2026-11-19,323,,,
2026-11-20,324,,,
2026-11-21,325,,,
2026-11-22,326,,,
2026-11-23,327,,,
2026-11-24,328,,,
2026-11-25,329,,,
2026-11-26,330,,,
2026-11-27,331,,,
2026-11-28,332,,,
2026-11-29,333,,,
2026-11-30,334,,,
2026-12-01,335,,,
2026-12-02,336,,,
2026-12-03,337,,,
2026-12-04,338,,,
2026-12-05,339,,,
2026-12-06,340,,,
2026-12-07,341,,,
2026-12-08,342,,,
2026-12-09,343,,,
2026-12-10,344,,,
2026-12-11,345,,,
2026-12-12,346,,,
2026-12-13,347,,,
2026-12-14,348,,,
2026-12-15,349,,,
2026-12-16,350,,,
2026-12-17,351,,,
2026-12-18,352,,,
2026-12-19,353,,,
2026-12-20,354,,,
2026-12-21,355,,,
2026-12-22,356,,,
2026-12-23,357,,,
2026-12-24,358,,,
2026-12-25,359,,,
2026-12-26,360,,,
2026-12-27,361,,,
2026-12-28,362,,,
2026-12-29,363,,,
2026-12-30,364,,,
