CodigoEstacao,Nome,telem
10010000,PATATE DJ AMBATO,0
10010900,NEGRO AJ PUMANCUCHI,0
10011000,NAGSICHE P E CUSUBAMBA,0
10011100,AMBATO EN AMBATO,0
10011200,PACHANLICA AJ AMBATO,0
10011300,PASTAZA EN BANÕS,0
10011400,OZOGOCHE EN LOS LAGOS,0
10011500,ALAO EN HDA ALAO,0
10011600,PUELA AJ CHAMBO,0
10011700,GUARGUALLA AJ CEBADAS,0
10011800,PISAYAMBO AJ QUILLOPACCHA,0
10011900,VERDE AJ PASTAZA,0
10012000,PASTAZA AJ ENCANTO,0
10012500,PANO SECTOR CERRO QUILINDAÑA,0
10012600,TENIENTE HUGO ORTIZ,0
10012650,DIEZ DE AGOSTO SECTOR AUGUSTO RIVADENEIRA,0
10012700,TALAG SECTOR EL PUENTE,0
10012810,TALAG SECTOR COMUNIDAD 6 DE MARZO,0
10012920,RIO PANO EN CIUDAD DEL TENA,0
10012930,RIO PANO,0
10012931,RIO PANO,0
10012950,RIO COSANGA,0
10012955,RIO TENA DJ RIO PANO,0
10012956,MISAHUALL AJ EN EL TENA,0
10012957,UNION DEL RIO TENA CON EL PANO,0
10012958,RIO TENA,0
10012959,TENA SECTOR MALECÓN,0
10012980,COSANGA SECTOR PUENTE,0
10013000,COSANGA AJ QUIJOS,0
10013100,TERMAS DE PAPALLACTA,0
10013120,RIO PAPALACTA,0
10013200,QUIJOS EN BAEZA,0
10013300,QUIJOS AJ BORJA,0
10013380,RIO OYACACHI EN PUENTE,0
10013400,QUIJOS DJ OYACACHI,0
10013500,MISAHUALLI EN COTUNDO,0
10013550,SAN FRANCISCO DE BORJA SECTOR MINAS DE SUMACO,0
10013600,JATUNYACU DJ ILOCULLIN,0
10013650,RIO MALO,0
10013700,YANAHURCO DJ VALLE,0
10013710,RIO LUMBAQUI EN PUENTE,0
10013720,RIO AGUARICO,0
10013800,COCA EN SAN SEBASTIAN,0
10013810,SAN SEBASTIAN DEL COCA SECTOR CAÑON DE LOS MONOS),0
10013850,RIO JONDACHI,0
10013900,NAPO AJ PAYAMINO,0
10014000,FRANCISCO DE ORELLANA,0
10014005,SAN PABLO DE USHPAYACU SECTOR COM. SANTO DOMINGO,0
10014010,SECTOR PUENTE EL SALADO,0
10014100,PAYAMINO AJ NAPO,0
10014110,RIO PAYAMINO,0
10014120,PUERTO MISAHUALLI PUENTE,0
10014130,NAPO UNION MISAHUALLI,0
10014133,RIO NAPO EN PUERTO MISAHUALLI,0
10014150,RIO SUNO,0
10014230,RIO YANAYACU 3,0
10014250,RIO DE LA PARKE,0
10014300,RIO SACHA,0
10014350,RIO SACHA EN PUENTE,0
10014400,RIO EL ENO,0
10014500,JIVINO VERDE SALIDA DEL PUEBLO JIVINIO,0
10014600,LIMONCOCHA SECTOR SHUSHUFINDI,0
10015000,PUERTO FRANCISCO DE ORELLANA,0
10017000,NUEVO ROCAFUERTE,0
10017100,LA SOFIA (PUENTE),0
10017200,ROSA FLORIDA SECTOR EL PARAISO (PUENTE),0
10017250,PACAYACU SECTOR SHUARA CINCO,0
10017280,PACAYACU SECTOR PUENTE,0
10017300,EL DORADO DE CASCALES SECTOR PUENTE COLGANTE,0
10017400,SANTA CECILIA SECTOR BATALLÓN SELVA 56 TUNGURAHUA,0
10017500,NUEVA LOJA SECTOR LA PISTA,0
10018000,NUEVA LOJA,0
10018100,NUEVA LOJA SECTOR LAS GABARRAS,0
10018200,PACAYACU SECTOR BELLAVISTA,0
10018300,CUYABENO SECTOR RESERVA DE CUYABENO (PUENTE),0
10018400,PAPALLACTA SECTOR VÍA ANTIGUA A PAPALLACTA,0
10018500,GENERAL FARFAN SECTOR NUEVA MONTEPA,0
10018600,PACAYACU SECTOR PLAYA ORIENTAL,0
10018700,SANTA ELENA SECTOR EL CONEJO,0
10018750,PALMA ROJA SECTOR TACE,0
10018780,PUERTO EL CARMEN DEL PUTUMAYO SECTOR MANSAYA,0
10018800,SANTA ELENA SECTOR EL PALMAR PUENTE PEATONAL,0
10018900,PUERTO EL CARMEN DEL PUTUMAYO SECTOR AGUAS BLANCAS,0
10020000,PTE. STUART (ELECTROP),0
10028000,PUENTE COLCA - SANTO TOMÁS,0
10030000,PUENTE CUNYAC,0
10032000,PUENTE PAMPAS,0
10033000,PISAC,0
10034000,PAUCARTAMBO,0
10035000,CHACLLABAMBA,0
10038000,BALSAS,0
10038100,PUENTE BREÑA,0
10038300,RIO CUNAS,0
10038600,SHULLCAS,0
10039000,PERENE,0
10040000,TINGO MARIA,0
10041000,CAMPANILLA,0
10042000,PUENTE TOCACHE,0
10042900,REQUENA - BIAVO,0
10043000,PICOTA,0
10043200,DESAGUADERO LAGUNA SAUCE,0
10043300,SHANAO,0
10043400,CUMBAZA,0
10043500,LAGUNA SAUCE,0
10043600,CHAZUTA,0
10044000,PUENTE AGUAYTIA,0
10044200,PUERTO INCA,0
10045000,CONTAMANA,0
10045500,SHAMBOYACU,0
10046000,PUCALLPA,0
10047000,LAGARTO,0
10048000,ATALAYA,0
10048500,TROMPETEROS,0
10049000,NAUTA,0
10050000,IQUITOS,0
10051000,SANTA CLOTILDE,0
10051500,LA LIBERTAD,0
10051800,SANTA CRUZ,0
10051900,SANTA MARIA DE NANAY,0
10052000,SEDA LORETO,0
10054000,FLOR DE PUNGA,0
10055000,TIMICURILLO,0
10056000,SANTA ROSA,0
10064000,BORJA,0
10065000,SAN LORENZO,0
10070500,SAN REGIS,0
10074800,REQUENA,0
10075000,TAMISHIYACU,0
10080900,FRANCISCO DE ORELLAN,0
10082800,NUEVO ROCAFUERTE,0
10086700,MAZAN,0
10086800,BELLAVISTA,0
10090000,BOCAS DEL ATACUARI,0
10091000,PARQUE AMACAYACU,0
10092000,PTO NARINO,0
10093000,NAZARETH,0
10094000,BOCATOMA,0
10095000,LETICIA,0
10100000,TABATINGA,1
10200000,PALMEIRAS DO JAVARI,1
10300000,SANTA MARIA/FLORES,0
10500000,ESTIRÃO DO REPOUSO,1
10600000,ATALAIA DO NORTE,0
10700000,RESTAURAÇÃO,0
10800000,SERINGAL DO ITUI,0
10900000,LADÁRIO,0
10910000,LADÁRIO - JUSANTE,1
10990000,ESPERANÇA,0
11002000,MUELLE EL,0
11003000,PTE CARRETE,0
11004000,COLON,0
11005000,SIBUNDOY,0
11006000,SAN ANTÔNIO,0
11007000,EL EDEN,0
11008000,BALSAYACO-LA MARIA,0
11009000,CANAL B,0
11009100,REMOLINO,0
11010000,CANAL A,0
11011000,SAN AGUSTIN,0
11012000,PTO LEGUIZANO,0
11013000,SAN RAFAEL,0
11014000,ENCANTO EL,0
11015000,ESTRECHO-MARANDUA,0
11016000,CHORRERA LA,0
11017000,ARICA,0
11018000,BICARCO,0
11019000,TARAPACA,0
11020000,PTE CANAL D,0
11021000,STA LUCIA,0
11030000,PTE TEXAS,0
11040000,PICUDO EL,0
11050000,SAN JOAQUIN,0
11060000,CHIPAROS LO,0
11070000,REFUGIO EL,0
11080000,PTO TOLOZA,0
11200000,TERESINA,0
11300000,SÃO PAULO DE OLIVENÇA,0
11400000,SÃO PAULO DE OLIVENÇA,1
11420000,TRÊS BOCAS,0
11444900,IPIRANGA NOVO,0
11450000,IPIRANGA VELHO,0
11500000,SANTO ANTÔNIO DO IÇÁ,1
11500300,TONANTINS (ORLA),0
12100000,COLOCAÇÃO CAXIAS NOVO,1
12150000,CONCEIÇÃO (EX. ILHA DA NOVA SORTE),0
12160000,NOVO CUJUBIM,0
12180000,TANIBUCA,0
12200000,BARREIRA ALTA,0
12210000,BARREIRA ALTA NOVA (MAROÁ),0
12230000,BARREIRA BRANCA,0
12240000,PORTO SEGURO,1
12250000,PORTO ANTUNES,0
12260000,COPATANA (PORTO ANTUNES AUX),0
12260500,JUTAÍ (ORLA),0
12350000,FONTE BOA,0
12351000,FONTE BOA,1
12360000,FOZ DO BREU,0
12360001,MARECHAL THAUMATURGO,0
12369000,MARECHAL THAUMATURGO,0
12370000,THAUMATURGO,1
12389000,PORTO WALTER,0
12390000,PORTO WALTER,1
12400000,SERRA DO MOA,0
12420000,BASE SÃO SALVADOR,0
12430000,PONTE DO MOA,0
12500000,CRUZEIRO DO SUL,1
12500002,CRUZEIRO DO SUL,0
12500003,CRUZEIRO DO SUL - AUXILIAR,0
12500004,CRUZEIRO DO SUL,0
12500900,COMUNIDADE GUARANI,0
12510000,SERINGAL BOM FUTURO,0
12510500,PONTE DO RIO LIBERDADE,1
12511000,HUMAITÁ,0
12520000,IPIXUNA,1
12530000,FAZENDA PARANACRE,0
12540000,SERINGAL SANTO AMARO,1
12550000,EIRUNEPÉ - MONTANTE,1
12555000,FAZENDA MOURÃO,0
12557000,JORDÃO,1
12559000,SERINGAL SÃO LUIZ,0
12560000,SERINGAL SÃO LUIZ,0
12561000,TARAUACÁ,0
12590000,PONTE DE TARAUACÁ,1
12600000,EIRUNEPÉ - JOÃO PESSOA,0
12600001,TARAUACÁ - JUSANTE,0
12600002,TARAUACÁ,0
12630000,SERINGAL MUCURIPE,0
12640000,SERINGAL SANTA HELENA,1
12650000,FEIJÓ,1
12660000,FEIJÓ,0
12670000,FEIJÓ,0
12680000,ENVIRA,1
12700000,SANTOS DUMONT,1
12799900,CARAUARI (ORLA),0
12800000,CARAUARI,0
12840000,GAVIÃO,1
12842000,FORTE DAS GRAÇAS,1
12842050,UARINI (ORLA),0
12842100,PIEDRA LISA,0
12842200,PTO MOCOA,0
12842300,PTE PITALITO,0
12842400,ANGOSTURAS,0
12842500,PIEDRA LISA,0
12842600,YUNGUILLO,0
12842700,MILAN,0
12842800,DIAMANTE EL,0
12842900,ROSÁRIO EL,0
12843000,VENECIA,0
12843100,FLORÊNCIA,0
12843200,BOCATOMA N,0
12843300,MORELIA,0
12843400,LARANDIA,0
12843500,ITARCA,0
12843600,BOCATOMA M,0
12843700,COCATOMA 1,0
12843800,BOCATOMA 2,0
12843900,TAGUA LA,0
12843910,SAN IGNÁCIO,0
12843920,ESMERALDA LA,0
12843930,BOCATOMA,0
12843940,ALTO LA ESMERALDA,0
12843950,DONCELLO,0
12843960,PÁTIO BONITO,0
12843970,PTO RICO,0
12843990,QUILLA LA,0
12844100,ESTRECHOS LOS,0
12844110,UMANCIA,0
12844130,GUAQUIRA,0
12844140,PTO BELEN,0
12844150,MONOS LOS,0
12844160,PTO ZABALO,0
12844170,ANGOSTURAS,0
12844180,MONOCHOA,0
12844190,PTO LAS BRISAS,0
12844210,CUEMANI,0
12844220,MERCEDES LA,0
12844230,MIRANAS LAS,0
12844240,MARIA MANTECA,0
12844250,MANACARO,0
12844260,AGUAZUL,0
12844270,QUINCHE,0
12844280,PTO CORDOBA,0
12844290,PEDRERA LA,0
12844300,BACURI,0
12844400,PTO CAIMAN,0
12844500,VILLARREAL,0
12845000,VILA BITTENCOURT,1
12850000,ACANAUI,1
12860000,ABACATAL,0
12870000,BARREIRINHA,0
12872000,MARAÃ,0
12872400,SANTA ISABEL DO RIO NEGRO,0
12873000,LARANJAL,0
12875000,FAZENDA BOA ESPERANÇA,0
12880000,ESTIRÃO DA SANTA CRUZ,1
12900000,TEFÉ,0
12900001,TEFÉ - MISSÕES,1
12900002,TEFÉ - MISSÕES-TELEMÉTRICA,0
13100000,SERINGAL MOREIRA,1
13150000,ITAPÉUA,0
13150002,COARI,0
13150003,COARI,1
13150004,SANTA LUZIA DO BANANAL,0
13150010,RIO COARI,0
13150020,FOZ DO RIO COARI GRANDE,0
13155000,CODAJÁS,0
13155100,CODAJÁS,0
13160000,FAZENDA CANAVIAL,0
13169000,SANTA ROSA DO PURUS(Colonia Chambuiaco),0
13169900,SANTA ROSA DO PURUS - SEDE,1
13170000,SANTA ROSA DO PURUS,0
13174000,PARQUE CHANDLESS,0
13175000,FAZENDA JUSSARA,0
13178000,SANTA ROSA DO PURUS,0
13180000,MANOEL URBANO,1
13190000,MANOEL URBANO,0
13200000,SERINGAL PROVIDÊNCIA,0
13290000,FAZENDA REPOUSO (Rio Macauã),0
13300000,SERINGAL SÃO JOSÉ,1
13310000,SENA MADUREIRA,1
13400000,BOCA DO CAFEZAL,0
13400002,BOCA DO CAFEZAL (PORTOBRÁS),0
13405000,SERINGAL GUARANY,1
13408000,SENA MADUREIRA,0
13410000,SERINGAL DA CARIDADE,1
13430000,ESEC RIO ACRE,0
13438000,ASSIS BRASIL,0
13439000,ALDEIA DOS PATOS,1
13440000,INAMPARI,0
13445000,PONTE BRASIL-PERU,1
13450000,ASSIS BRASIL,0
13450010,ASSIS BRASIL - CPRM,0
13459000,BRASILÉIA,0
13460000,BRASILÉIA (Ponte Internacional Wilson Pinheiro),0
13470000,BRASILÉIA,1
13470010,BRASILÉIA - CPRM,0
13490000,EPITACIOLÂNDIA (Colônia São Bento),0
13540000,COLÔNIA DOLORES (XAPURI),1
13550000,XAPURI,1
13550001,XAPURI,0
13551000,XAPURI - PCD,0
13560000,FAZENDA PERSEVERANÇA,0
13568000,CAPIXABA (Colocação São José),1
13570000,FAZENDA ITÚ,0
13572000,ESPALHA (Seringal Belo Horizonte),1
13578000,RIO ROLA (Ramal do Barro Alto),1
13580000,FAZENDA SANTO AFONSO,0
13600000,RIO BRANCO,0
13600002,RIO BRANCO,1
13600004,RIO BRANCO - AUXILIAR,0
13600010,RIO BRANCO - CPRM,0
13601000,RIO BRANCO,0
13610000,PORTO ACRE,0
13610001,PORTO ACRE,1
13650000,FLORIANO PEIXOTO,1
13700000,BOCA DO ACRE,0
13700004,BOCA DO ACRE - AUXILIAR,0
13710000,VALPARAÍSO - MONTANTE,0
13710001,VALPARAÍSO - MONTANTE,1
13730000,SERINGAL SÃO PEDRO,0
13740000,FAZENDA BORANGABA,0
13750000,SERINGAL FORTALEZA,0
13770000,IQUIRI,0
13830000,CACHOEIRA FORTALEZA - MONTANTE,0
13840000,CACHOEIRA FORTALEZA,0
13840001,CACHOEIRA FORTALEZA - JUSANTE,0
13845000,CACHOEIRA DO MEIO,0
13848000,GAIVOTÃO,0
13849000,JURENÉ,0
13849100,CACHOEIRA SANTO ANTÔNIO,0
13850000,SÃO GREGÓRIO,0
13851000,SERINGAL FLORESTA,0
13870000,LÁBREA,1
13870002,LÁBREA (DNPVN),0
13880000,CANUTAMA,0
13885000,CRISTO,1
13885500,FAZENDA BOA VISTA,0
13886000,BACABA,0
13887000,BACABA,0
13900000,CASTANHAL PATÚ,0
13910000,BATURITÉ,0
13920000,ITATUBA,0
13920900,TAPAUÁ,0
13950000,BEABÁ (CARIUACANGA),0
13955000,BEABÁ,0
13960000,ARUMÃ - MONTANTE,0
13962000,ARUMÃ - JUSANTE,1
13980000,PARICATUBA,0
13989900,RIO PURUS (MONTANTE),0
13990000,BERURI,1
13991000,FOZ DO PURUS MONTANTE,0
13992000,FOZ DO PURUS,0
13992100,RIO PURUS (JUSANTE),0
14000500,YURUPARI,0
14000600,MANDI,0
14000700,CERROS LOS,0
14000800,SAN ANTÔNIO,0
14000900,MITU AUTOMATICA,0
14001000,PITUNA,0
14010000,QUERARI,0
14020000,PARQUE CAPARU,0
14050000,ANAMÃ,0
14050040,ANAMÃ,0
14070000,MANACAPURU MONTANTE,0
14090000,RIO SOLIMÕES,0
14100000,MANACAPURU,1
14100100,MANAQUIRI (CEMITÉRIO),0
14101000,IRANDUBA,0
14101100,RIO AMAZONAS,0
14110000,CUCUÍ,1
14200000,FAZENDA BOM JARDIM,0
14200500,PORTO DO LAGO JANAUARI,0
14201000,COMUNIDADE SANTA LUZIA,0
14210000,XIBORENINHA,0
14215000,SÃO JOAQUIM,0
14220000,LOURO POÇO,0
14222000,RIO MIRITI - MONTANTE,0
14223000,RIRIO MIRITI,0
14230000,MISSÃO IÇANA,0
14235200,FAZENDA RECREIO,0
14250000,SÃO FELIPE,0
14260000,UARAÇU,0
14265500,IGARAPÉ BARRO BRANCO (AV. JOSÉ LINDOSO),0
14279000,IGARAPÉ DO FRANCO (MONTANTE),0
14279050,IGARAPÉ DO FRANCO (JUSANTE),0
14280000,TARAQUA,0
14280001,TARAQUÁ,1
14281000,CUNURI SWOT,0
14300000,PARI CACHOEIRA,0
14310000,CUNURI,0
14320000,SÃO GABRIEL DA CACHOEIRA,0
14320001,SÃO GABRIEL DA CACHOEIRA,0
14325000,TUMBIRA,0
14330000,CURICURIARI,1
14350000,JUSANTE DA CACHOEIRA DO CAJU,0
14370000,BOM JESUS DO MARIE,0
14380000,MISSÃO MATURACÁ,0
14400000,TAPURUQUARA,0
14420000,SERRINHA,1
14421000,BACURI,0
14422000,ACARIQUARA,0
14425000,CACHOEIRA ALIANÇA,0
14427900,CUMARU,0
14428000,VILA CONCEIÇÃO - MONTANTE,0
14430000,VILA CONCEIÇÃO,0
14440000,POSTO AJURICABA,0
14450000,JALAUACA,0
14452000,SAMAUMA,0
14470900,PRAIA DO CUXARÁ,0
14480000,BARCELOS,0
14480002,BARCELOS,1
14485000,MISSÃO AUARI,0
14485010,MISSÃO AUARIS - JUSANTE,0
14488000,UAICÁS,0
14488500,AMAJARI,0
14489000,MARACÁ,1
14490000,FAZENDA FONTE NOVA,0
14495000,FAZENDA CAJUPIRANGA,1
14500000,MOCIDADE,1
14500001,BOA VISTA,0
14515000,FAZENDA PASSARÃO,1
14515001,BOA VISTA,0
14520000,SÃO MARCOS,0
14521000,BOA VISTA,0
14526000,BONFIM,0
14526001,BONFIM,0
14526400,RIO MAÚ,0
14526500,FAZENDA NOVO DESTINO,0
14527000,PONTE DO TACUTU,1
14527001,BONFIM,0
14527500,NORMÂNDIA,0
14528000,FAZENDA PARAÍSO,0
14528001,BONFIM,0
14529000,FAZENDA NOVO DESTINO,0
14530000,VILA SURUMU,1
14530001,PACARAIMA,0
14530080,GAVIÃO,0
14540000,FAZENDA BANDEIRA BRANCA,1
14544080,BACURAU,0
14545060,TIPOREN,0
14550000,MALOCA DO CONTÃO,0
14550001,PACARAIMA,0
14550080,SANTO ANTÔNIO II,0
14558000,FAZENDA PARAÍSO,1
14560000,MALOCA AILAN,0
14565000,FAZENDA CAPELA,0
14567000,BOA VISTA,0
14568000,BOA VISTA,0
14569000,BOA VISTA,0
14570000,SÍTIO JARAGUÁ,0
14620000,BOA VISTA,1
14620001,BOA VISTA,0
14630000,BOA VISTA,0
14650000,POSTO FUNAI,0
14680000,FAZENDA SANTO AMARO,0
14680001,FÉ E ESPERANÇA,1
14680002,ALTO ALEGRE,0
14690000,MUCAJAÍ,1
14690001,MUCAJAÍ,0
14700000,BOCA DA ESTRADA (SÃO FRANCISCO),0
14710000,CARACARAÍ,1
14711000,CARACARAÍ,0
14740000,FAZENDA ANAUÁ,1
14750000,MISSÃO CATRIMANI,0
14790000,SANTA MARIA DO BOIAÇU,1
14800000,BOTO,0
14810000,FAZENDA ANAUÁ,0
14810001,CARACARAÍ,0
14820000,CARACARAÍ,0
14830000,CARACARAÍ,0
14839000,CANTA,0
14839800,PRAIA DO IZAIAS,0
14839900,PORTO DE MOURA,0
14840000,MOURA,1
14840900,RIO ALALAÚ (PONTE SOBRE O RIO),0
14845000,FAZENDA SÃO JOSÉ,0
14845001,RORAINÓPOLIS,0
14850000,BASE ALALAÚ,1
14855000,UMANAPANA,0
14860000,DEMOCRACIA,0
14870000,SÃO FRANCISCO,0
14876000,SERINGALZINHO,0
14880000,BARURI,0
14900000,AIRÃO,0
14900020,RUINAS DO VELHO AIRÃO,0
14900050,NOVO AIRÃO,0
14900100,ESTAÇÃO DE MONTANTE,0
14900150,ESTAÇÃO INTERMEDIÁRIA,0
14900900,PONTE DO RIO ARIAÚ,0
14901000,RIO NEGRO,0
14910000,PARICATUBA,0
14910010,VILA DO PARICATUBA,0
14910900,RIO NEGRO (PONTA NEGRA),0
14910901,IGARAPÉ DO GIGANTE (RUA MARACANÃ),0
14910905,IGARAPÉ DA REDENÇÃO (RUA GOIÂNIA),0
14910907,IGARAPÉ DO GIGANTE (AV. JOSÉ MOACIR TEBERGA),0
14910909,IGARAPÉ DO GIGANTE (AV. CECÍLIA MEIRELES),0
14910910,IGARAPÉ DO GIGANTE (AV. DO TURISMO),0
14910920,IGARAPÉ DOS FRANCESES (RAIMUNDO PARENTE),0
14910925,IGARAPÉ DO MINDU  (NOVO ALEIXO),0
14910928,IGARAPÉ GOIABINHA (PROX. E.T.E. TIMBIRAS),0
14910929,IGARAPÉ ACARIQUARA (COSME FERREIRA),0
14910930,IGARAPÉ DO MINDU (PROX. AO PARQUE),0
14910931,IGARAPÉ DO SESC,0
14910932,IGARAPÉ DA SAPOLÂNDIA (RUA ALVARO MAIA),0
14910935,IGARAPÉ DO BINDÁ (AV. MARIO IPIRANGA),0
14910950,RIO NEGRO (PRAIA DA LUA),0
14911000,TATU PARICATUBA,0
14915000,MONTANTE FOZ TARUMÃ,0
14920000,BACIA REPRESENTATIVA,0
14940000,BACIA REPRESENTATIVA,0
14940020,RIO TARUMÃ (BR-174),0
14940040,IGARAPÉ TARUMÃ-AÇU (RAMAL DO PAU ROSA),0
14940047,RIO TARUMÃ-AÇU (CONFLUÊNCIA IGARAPÉ DO LEÃO),0
14940050,RIO TARUMÃ - MONTANTE,0
14940052,RIO TARUMÃ-AÇU (PRÓXIMA VIVENDA MÃEMAIA),0
14940054,RIO TARUMÃ-AÇU (PRÓXIMO ESTALEIRO ERAM),0
14940056,RIO TARUMÃ-AÇU (PRÓXIMO FLUTUANTE PEIXE-BOI),0
14940058,RIO TARUMÃ-AÇU (PRÓXIMA PRAIA DOURADA),0
14940060,IGARAPÉ DO BOLIVIA (PONTE TORQUARTO),0
14940080,IGARAPÉ DO MINDU (PROX. PARQUE NASCENTE),0
14940090,IGARAPÉ DO PASSARINHO (AV.TEN. ROXANA),0
14940100,RIO TARUMÃ - JUSANTE,0
14941000,RIO CUIEIRAS,0
14941080,RIO CUIEIRAS (ANTES DA FAZENDA GONÇALVES),0
14941090,RIO CUIEIRAS (APÓS A COM. NOVA ESPERANÇA),0
14941100,COMUNIDADE NOVA ESPERANÇA,0
14941120,RIO CUIEIRAS (ANTES DA COM. NOVA ESPERANÇA),0
14941140,RIO CUIEIRAS (COMUNIDADE CANAÃ),0
14941170,RIO CUIEIRAS (ANTES DA COMUNIDADE CANAÃ),0
14941200,COMUNIDADE SÃO SEBASTIÃO,0
14941230,RIO CUIEIRAS (COMUNIDADE TRÊS RIOS),0
14970000,IGARAPÉ DO MINDÚ,0
14970100,IGARAPÉ DO MINDU (HIPER DB),0
14979400,IGARAPÉ DO QUARENTA (PRÓXIMA A NASCENTE),0
14979600,IGARAPÉ DO QUARENTA (UNIPLAST DESCARTÁVEIS),0
14979800,IGARAPÉ DO QUARENTA (ELIZA MIRANDA),0
14980000,MANAUS 2000,0
14980020,PONTA DAS LAJES (CAPTAÇÃO),0
14980060,IGARAPÉ CACHOEIRINHA (PROX. CMPM),0
14980200,IGARAPÉ DO QUARENTA (WM EXTINTORES),0
14980700,IGARAPÉ EDUCANDOS (PONTE DOS EDUCANOS),0
14980800,IGARAPÉ MESTRE CHICO (PONTE 7 DE SETEMBRO),0
14981000,IGARAPÉ DO QUARENTA (PAC),0
14990000,MANAUS,1
14990004,MANAUS,0
14990100,RIO NEGRO (CAPTAÇÃO DE ÁGUA),0
15030000,JATUARANA,1
15030100,JATUARANA,0
15031000,COMUNIDADE BOM SUCESSO,0
15035000,AUTAZES,0
15035100,URUCURITUBA,0
15040000,CAREIRO,1
15042000,RIO PRETO DA EVA,0
15042100,PORTO UNIÃO,0
15042150,PORTO NOVO REMANSO,0
15042200,IRACEMA,0
15042900,UHE GUAPORÉ MONTANTE 2,0
15043000,UHE GUAPORÉ MONTANTE 1,1
15044000,UHE GUAPORÉ BARRAMENTO,1
15044100,UHE GUAPORÉ JUSANTE,1
15045000,FAZENDA GUAPÉ,0
15045950,PCH NOVA GUAPORÉ BARRAMENTO,1
15046000,PCH NOVA GUAPORÉ JUSANTE,1
15046050,UHE GUAPORÉ CÓRREGO PALMITAL,1
15050000,PONTES E LACERDA,0
15050001,PONTES E LACERDA,1
15100000,FAZENDA INDIARAMA,0
15120000,VILA BELA DA SANTISSIMA TRINDADE,0
15120001,MATO GROSSO,0
15120002,VILA BELA ST.TRINDADE,1
15120500,PCH SALTO CORGÃO BARRAMENTO,1
15121000,PCH SALTO CORGÃO JUSANTE,1
15121400,CGH NOVA LACERDA BARRAMENTO,1
15121500,CGH NOVA LACERDA JUSANTE,1
15122000,PCH RIO PRATA JUSANTE,1
15123000,PCH ESPERANÇA JUSANTE,1
15123080,PCH CABIXI II BARRAMENTO,1
15123100,PCH CABIXI II JUSANTE,1
15123200,PCH CABIXI BARRAMENTO,1
15123500,PCH CABIXI JUSANTE,1
15124000,PRÓXIMO VILHENA,0
15124009,CABIXI,1
15124100,CABIXI,0
15124500,FAZENDA AGROMEL,0
15124600,CGH MIRANDA ESTÂNCIA BARRAMENTO,1
15124610,CGH MIRANDA ESTÂNCIA JUSANTE,1
15125000,PRÓXIMO VILHENA,0
15125010,CGH RIO VERMELHO BARRAMENTO,1
15125020,CGH RIO VERMELHO JUSANTE,1
15128000,SETE VOLTAS,0
15128500,CGH RIO ENGANADO BARRAMENTO,0
15128800,CGH RIO ENGANADO JUSANTE,1
15128900,PCH CASTAMAN II JUSANTE,0
15128950,CGH MARGARIDA BARRAMENTO,0
15129000,CGH MARGARIDA JUSANTE,1
15130000,PIMENTEIRAS,1
15130001,PIMENTEIRAS DO OESTE,0
15135000,CORUMBIARA,0
15138000,CGH SANTA LUZIA D'OESTE RIO BRANCO,1
15143000,CGH SANTA LUZIA D'OESTE MONTANTE,1
15145000,CGH SANTA LUZIA D'OESTE JUSANTE,1
15148000,ALTA FLORESTA D'OESTE,0
15150000,PEDRAS NEGRAS,1
15150001,SÃO FRANCISCO DO GUAPORÉ,0
15150200,CGH SÃO JOÃO PA BARRAMENTO,1
15150220,CGH SÃO JOÃO PA JUSANTE,1
15150300,CGH ALTOÉ II BARRAMENTO,0
15150500,CGH ALTOÉ II JUSANTE,1
15150800,PCH ALTA FLORESTA MONTANTE 2,1
15151000,PCH ALTA FLORESTA MONTANTE 1,1
15151500,PCH ALTA FLORESTA BARRAMENTO,1
15152000,PCH ÂNGELO CASSOL BARRAMENTO,1
15152500,PCH ÂNGELO CASSOL JUSANTE,1
15160000,PCH ALTA FLORESTA MONTANTE,0
15160010,PCH ALTA FLORESTA JUSANTE,0
15168990,PCH CACHOEIRA CACHIMBO ALTO MONTANTE,0
15169000,PCH CACHOEIRA CACHIMBO ALTO BARRAMENTO,1
15170000,CACHOEIRA DO CACHIMBO,0
15170200,PCH CACHOEIRA CACHIMBO ALTO JUSANTE,1
15170600,PCH RIO BRANCO BARRAMENTO,1
15170700,PCH RIO BRANCO JUSANTE,1
15170900,PCH FIGUEIRA MONTANTE,1
15171000,PCH FIGUEIRA BARRAMENTO,1
15171050,PCH FIGUEIRA JUSANTE,1
15171100,PCH SALDANHA JUSANTE,1
15171800,PCH MONTE BELO BARRAMENTO,1
15172000,PCH MONTE BELO JUSANTE,1
15175000,PONTE RIO BRANCO,0
15180000,SÃO MIGUEL DO GUAPORÉ,0
15180001,SÃO MIGUEL DO GUAPORÉ,0
15190000,SÃO FRANCISCO DO GUAPORÉ,0
15200000,PRINCIPE DA BEIRA,1
15200001,COSTA MARQUES,0
15200010,UHE JIRAU PRÍNCIPE DA BEIRA,1
15201000,PUERTO USTAREZ (Príncipe da Beira),0
15220000,RIO PURAQUEQUARA (AM-010),0
15220600,RIO PURAQUEQUARA (PRÓXIMO ESCOLA SÃO LUIZ),0
15220700,RIO PURAQUEQUARA (APÓS BIM BAR),0
15220800,RIO PURAQUEQUARA (APÓS ESTALEIRO AMAZONIA),0
15221000,RIO PURAQUEQUARA,0
15221100,RIO PURAQUEQUARA (PRÓX. MATADOURO AMAZONBOI),0
15221300,RIO PURAQUEQUARA (JUSANTE RIO AMAZONAS),0
15230200,PUERTO VILLARROEL,0
15231000,PUENTE YAPACANI,0
15232000,PUENTE PAILAS,0
15233000,CAMIACO,0
15234000,LOS PUENTES,0
15235000,PUERTO  VARADOR,0
15238000,PUERTO ALMACÉN,0
15239000,SAN BORJA,0
15240000,PARAÍSO,0
15240100,CGH CACHOEIRA DO CAMBARÁ JUSANTE,1
15241000,ABAPO,1
15242000,PUERTO SILES,0
15245000,SERINGAL SÃO LUIZ,0
15246000,BOA VISTA DO PACAÁS,0
15247000,PRÓXIMO GUAJARÁ-MIRIM,0
15248000,BOCA DO POMPEU - MONTANTE,0
15248010,BOCA DO POMPEU - JUSANTE,1
15250000,GUAJARÁ-MIRIM,1
15250001,UHE JIRAU GUAJARÁ-MIRIM,1
15250002,GUAJARÁ-MIRIM,0
15250004,GUAJARÁ-MIRIM,0
15250005,GUAJARÁ-MIRIM,0
15250010,GUAYARAMERIN,0
15250030,NOVA MAMORÉ,0
15250100,CAMPAMENTO MORE,0
15250500,HUMAPALCA,0
15251000,CAJETILLAS,0
15252000,PUENTE VILLA,0
15253000,VILLA BARRIENTOS,0
15254000,SANTA RITA DE BS.AS,0
15255000,PALCA,0
15256000,ARANJUEZ,0
15257000,OBRAJES,0
15258000,CHICANI,0
15259000,HOLGUÍN,0
15260000,ACHACHICALA,0
15261000,CHACALTAYA,0
15261400,CAREIRO CASTANHO (ESTÁDIO MUNICIPAL),0
15261600,IGARAPÉ SÃO RAIMUNDO,0
15262000,CAHUA,0
15263000,ANGOSTO QUERCANO,0
15274000,ANGOSTO DEL BALA,0
15275100,RURRENABAQUE,0
15276000,EXTREMA,1
15277000,PUERTO RICO,0
15280000,SENA,1
15289800,MIRAFLORES,0
15290000,PEÑA AMARILLA,1
15292000,RIBERALTA,0
15293000,CARACOLES,0
15295500,CACHUELA ESPERANZA,0
15300000,VILA MURTINHO,0
15302000,PUERTO MALDONADO,0
15303000,TAMBOPATA,0
15304000,QUINCEMIL,0
15305000,CHONTACHACA,0
15306000,ROCOTAL,0
15307000,SALVACION,0
15308000,PAKITZA,0
15310000,FRONTIERE,0
15312000,EL SENA,0
15316500,UHE JIRAU CACHOEIRA DO RIBEIRÃO,1
15317000,UHE JIRAU ARARAS,1
15318000,UHE JIRAU JUSANTE RIO BENI,1
15318001,UHE SANTO ANTÔNIO JUSANTE RIO BENI,0
15320000,UHE SANTO ANTÔNIO ABUNÃ,0
15320002,ABUNÃ,1
15320003,UHE JIRAU ABUNÃ,0
15320004,PORTO VELHO,0
15321000,BALSA DO RIO ABUNÃ,0
15323000,COLOCAÇÃO CAJUEIRO,0
15324000,PLÁCIDO DE CASTRO,1
15324300,PLÁCIDO DE CASTRO,0
15324500,UHE JIRAU NOVA CALIFORNIA,1
15325000,MORADA NOVA,0
15326000,MORADA NOVA - JUSANTE,1
15326001,PORTO VELHO,0
15326010,UHE JIRAU MORADA NOVA JUSANTE,1
15326100,JUSANTE FORTALEZA DO ABUNÃ,0
15330000,PRÓXIMO ABUNÃ,0
15335000,UHE JIRAU VELHA MUTUM-PARANÁ,1
15340000,PALMEIRAL (SALTO JIRAU),0
15340300,UHE JIRAU RESERVATÓRIO,0
15340500,UHE JIRAU BARRAMENTO,1
15340600,UHE JIRAU PORTO R4,1
15341000,UHE SANTO ANTÔNIO JUSANTE CALDEIRÃO DO INFERNO,1
15343000,SERINGAL DAS ARARAS,0
15344000,UHE SANTO ANTÔNIO MONTANTE JACIPARANÁ,1
15344500,PORTO VELHO,0
15345000,SANTO INÁCIO,0
15345900,UHE SANTO ANTÔNIO JACIPARANÁ VILA,1
15346000,JACIPARANÁ,0
15350000,SALTO TEOTÔNIO,0
15350500,UHE SANTO ANTÔNIO RESERVATÓRIO,0
15360000,UHE SANTO ANTÔNIO BARRAMENTO,1
15380000,UHE SANTO ANTÔNIO JUSANTE R-7,1
15390000,UHE SANTO ANTÔNIO PORTO VELHO,1
15400000,PORTO VELHO,1
15400002,PORTO VELHO - JUSANTE,0
15400004,PORTO VELHO,0
15400007,PORTO VELHO - JUSANTE,0
15405000,PCH SANTA CRUZ DE MONTE NEGRO MONTANTE 2,1
15406000,PCH SANTA CRUZ DE MONTE NEGRO MONTANTE 1,1
15408500,MONTE NEGRO,0
15408600,PCH SANTA CRUZ DE MONTE NEGRO BARRAMENTO,1
15408700,PCH SANTA CRUZ DE MONTE NEGRO JUSANTE,1
15409000,CACHOEIRA SANTA CRUZ,0
15410000,CACH SANTA CRUZ JUS 2.CONJ,0
15410002,CACH SANTA CRUZ MONT,0
15410004,CACH SANTA CRUZ JUS 1.CONJ,0
15413000,PCH CANAÃ MONTANTE 2,1
15413100,PCH JAMARI RIO CANAÃ,0
15414000,PCH CANAÃ MONTANTE 1,1
15415000,PONTE BR-421,0
15417980,PCH CANAÃ BARRAMENTO,1
15418000,PCH CANAÃ JUSANTE,1
15420000,CACHOEIRA ESCALVADO,0
15423000,PCH JAMARI JUSANTE 3,0
15423980,PCH JAMARI BARRAMENTO,1
15424000,PCH JAMARI JUSANTE 1,1
15430000,ARIQUEMES,1
15430001,ARIQUEMES,0
15430002,CACHOEIRA DE MONTE CRISTO,0
15430900,UHE SAMUEL RIO BRANCO,1
15431000,FAZENDA RIO BRANCO,0
15431001,PONTE DO RIO BRANCO,0
15431500,PCH JAMARI JUSANTE 2 DESATIVADA,0
15431900,UHE SAMUEL RIO MASSANGANA,1
15432000,MINERAÇÃO PONTE MASSANGANA,0
15440000,SÃO CARLOS,0
15444000,PCH JAMARI JUSANTE 2,1
15444900,UHE SAMUEL RIO PRETO DO CRESPO,1
15445000,PONTE DO RIO PRETO DO CRESPO,0
15450000,SÃO PEDRO,0
15452000,SEÇÃO S-16,0
15452200,SEÇÃO S-23,0
15452500,SEÇÃO S-35,0
15459080,UHE SAMUEL BARRAMENTO,1
15459090,UHE SAMUEL JUSANTE,1
15460000,CACH DO SAMUEL,0
15460002,CACH DO SAMUEL MONT 1.CONJ,0
15460004,CACH DO SAMUEL MONT 2.CONJ,0
15460005,CACH DO SAMUEL JUS 1A,0
15460006,CACH DO SAMUEL JUS 1.CONJ,0
15460007,CACH DO SAMUEL JUS 2.CONJ,0
15460008,CACH DO SAMUEL JUS 3.CONJ,0
15460010,CACH DO SAMUEL JUS 4.CONJ,0
15460012,CACHOEIRA DO SAMUEL 17-F,0
15470000,PONTE DA BR-364,0
15490000,PROSPERIDADE (EX. FOZ DO JAMARI),1
15490001,PORTO VELHO,0
15490200,SÃO CARLOS,0
15490400,UHE SANTO ANTÔNIO SÃO CARLOS,1
15490500,BURITIS,0
15490600,PORTO VELHO,0
15491000,PCH CACHOEIRA FORMOSA,0
15500000,SANTA BÁRBARA,0
15550000,SANTA ISABEL,1
15550001,CANDEIAS DO JAMARI,0
15551000,FOZ DO JAMARI,0
15552000,CACHOEIRINHA,0
15552005,PCH CACHOEIRA MONTANTE,1
15552008,PCH CACHOEIRA BARRAMENTO,1
15552010,CACHOEIRA  AVILA F01,0
15552020,F-02,0
15552030,F-05,0
15552100,PCH APERTADINHO JUSANTE,0
15552200,MINERAÇÃO GOYAN ,0
15552300,BARÃO DO MELGAÇO,0
15552500,APERTADO,0
15552540,UHE RONDON II MONTANTE 2,1
15552550,PCH CACHOEIRA MONTANTE,0
15552560,UHE RONDON II MONTANTE 1,1
15552565,UHE RONDON II RESERVATÓRIO,0
15552570,UHE RONDON II BARRAMENTO,1
15552580,UHE RONDON II JUSANTE,1
15552600,FAZENDA FLOR DO CAMPO,1
15552700,PONTE COMEMORAÇÃO (PIMENTA BUENO),0
15552770,CGH MARTINUV JUSANTE,1
15552800,CGH MARCOL BARRAMENTO,1
15552900,CGH MARCOL JUSANTE,1
15552980,CGH RIO VEADO PRETO JUSANTE,1
15553000,PRÓXIMO PIMENTA BUENO,0
15553100,PCH CASCATA CHUPINGUAIA MONTANTE,1
15553150,PCH CASCATA CHUPINGUAIA BARRAMENTO,1
15553160,PCH CASCATA CHUPINGUAIA CÂMARA DE CARGA,1
15553180,PCH CASCATA CHUPINGUAIA JUSANTE,1
15553200,PCH CHUPINGUAIA MONTANTE,1
15553300,PCH CHUPINGUAIA BARRAMENTO,1
15553350,PCH CHUPINGUAIA JUSANTE,1
15553500,FAZENDA EXPANSÃO,0
15553800,PCH PRIMAVERA MONTANTE 2,1
15553900,PCH CESAR FILHO BARRAMENTO,1
15553950,PCH CESAR FILHO JUSANTE,1
15554000,CACHOEIRA SÃO PAULO,0
15555000,CACHOEIRA REBOJO,0
15555300,PCH PRIMAVERA MONTANTE 1,1
15555500,PCH PRIMAVERA BARRAMENTO,1
15555800,PCH PRIMAVERA JUSANTE,1
15556000,CACHOEIRA PRIMAVERA - MONTANTE,0
15556010,PCH PRIMAVERA JUSANTE,0
15558000,PIMENTA BUENO,1
15558001,PIMENTA BUENO,0
15558200,CACOAL,1
15558500,FAZENDA APURÚ,0
15558501,JI-PARANÁ,0
15558700,ESPIGÃO DO OESTE,0
15558900,ESPIGÃO D'OESTE,0
15559000,SÍTIO BELA VISTA,1
15560000,JI-PARANÁ,1
15560001,JI-PARANÁ,0
15562000,OURO PRETO DO OESTE,0
15564000,JARUARU,1
15565000,JARU,1
15565001,JARU,0
15570000,CACHOEIRA BOM JARDIM,0
15570500,PARAÍSO,0
15571000,SÃO MATEUS,0
15571100,FÁBIO BARRAGEM (EX -JP-14 ),0
15571110,VALE DO ANARI,0
15571200,REBIO JARU,0
15571500,BUENOS AIRES,0
15572000,UNIÃO,0
15573000,PCH MACHADINHO 1,0
15575000,PIRATININGA,0
15575001,MACHADINHO D'OESTE,0
15580000,TABAJARA,1
15583000,ROLIM DE MOURA,0
15590000,MINERAÇÃO JACUNDÁ,0
15590001,ITAPUÃ DO OESTE,0
15627000,UHE SANTO ANTÔNIO PAPAGAIO,1
15627300,ESPÍRITO SANTO,0
15627315,MANICORÉ,0
15627320,SÃO RAFAEL,1
15627340,POUSO ALEGRE,0
15627360,MOANENSE,1
15627400,CALAMA,0
15627700,PORTO VELHO,0
15628000,CALAMA,0
15628100,HUMAITÁ,0
15629000,UHE SANTO ANTÔNIO HUMAITÁ,1
15630000,HUMAITÁ,1
15650000,MALOCA TENHARIM,0
15660000,MAICI-MIRIM,0
15670000,NOVA ESPERANÇA,0
15680000,FAZENDA BELA VISTA,0
15700000,MANICORÉ,1
15700050,CURUÇÁ,1
15700060,AUXILIADORA,0
15710000,PCH JUINA MONTANTE 2,1
15720000,PCH JUINA MONTANTE 1,1
15730000,PCH JUINA BARRAMENTO,1
15740000,PCH JUINA JUSANTE,1
15747900,UHE DARDANELOS RIBEIRÃO TABOCA,1
15748000,CGH ARIPUANÃ MONTANTE,0
15750000,HUMBOLDT,0
15750001,CGH ARIPUANÃ,0
15750500,UHE DARDANELOS MONTANTE,1
15750550,UHE DARDANELOS BARRAMENTO,1
15750600,UHE DARDANELOS JUSANTE,1
15752000,FAZENDA BALAROTE (CANAMA),0
15753900,PCH FAXINAL II MONTANTE,1
15754000,CGH FAXINAL I JUSANTE,1
15790000,BOM DESTINO,0
15795000,LEONTINO,0
15800000,BOCA DO GUARIBA,0
15820000,CONCISA,0
15825000,MINERAÇÃO SÃO FRANCISCO,0
15828000,FAZENDA BOA LEMBRANÇA,0
15830000,PRAINHA VELHA,0
15830400,VILA DO CARMO,0
15850000,NOVO ARIPUANÃ,0
15850002,NOVO ARIPUANÃ,0
15850050,NOVO ARIPUANÃ,1
15850060,MACACO  PREGO,1
15860000,FAZENDA VISTA ALEGRE,1
15900000,BORBA,0
15901000,FOZ DO MADEIRA,0
15903000,BOA FÉ,0
15905000,BOCA DO URUÇU,0
15910000,SANTARÉM SUCUNDURI,1
15910001,SANTARÉM,0
15920000,ARARI,0
15930000,ACARI BR-230,0
15939970,AUTAZES (ORLA),0
15940000,NOVA OLINDA DO NORTE,0
15950000,COMUNIDADE NOSSA SENHORA DO ROSÁRIO,0
15960000,URUCURITUBA DO MADEIRA,1
15960060,URUCURITUBA,1
16009000,RIO URUBU,0
16009800,PRÓXIMO O PARANÁ DA SERPA,0
16009900,RIO AMAZONAS,0
16010000,RIO URUBU,0
16010400,PONTE RIO URUBU,0
16010500,PONTE RIO URUBU,0
16018000,UHE PITINGA MONTANTE,1
16019000,UHE PITINGA SERRA,1
16020000,UHE PITINGA BARRAMENTO,1
16020100,UHE PITINGA JUSANTE,1
16020200,UHE BALBINA RIO PITINGA,1
16024900,UHE BALBINA RIO PITINGUINHA,0
16025000,UHE PITINGA MONTANTE,0
16030000,ITACOATIARA,1
16060000,POSTO FUNAI,0
16062000,UHE BALBINA MONTANTE,1
16063000,UHE BALBINA RESERVATÓRIO 3,0
16063300,UHE BALBINA RESERVATÓRIO 2,0
16070900,UHE BALBINA RIO TUCUMARI,0
16070930,UHE BALBINA RESERVATÓRIO 1,0
16070980,UHE BALBINA BARRAMENTO,1
16070990,UHE BALBINA BARRAMENTO CANAL DE FUGA,0
16080000,BALBINA P-8 (UHE BALBINA),0
16080001,UHE BALBINA BRAÇO DIREITO,0
16080002,UHE BALBINA BRAÇO ESQUERDO,0
16080003,UHE BALBINA 3 CONJUNTO BRAÇO DIREITO 2.,0
16080004,BALBINA 4 CONJUNTO BRAÇO ESQ,0
16080005,BALBINA 5 CONJUNTO,0
16080006,BALBINA 6 CONJUNTO,0
16080007,BALBINA 7 CONJUNTO,0
16090000,UHE BALBINA JUSANTE,1
16091000,RIO UATUMÃ (PONTE DE BALBINA),0
16091100,RIO UATUMÃ (RAMAL DA MORENA),0
16100000,CACHOEIRA MORENA,1
16100900,FOZ DO RIO UATUMÃ COM RIO AMAZONAS,0
16110000,RIO UATUMÃ (MONTANTE),0
16111000,RIO UATUMÃ (JUSANTE),0
16129000,PCH ALTO JATAPU MONTANTE 2,1
16129500,PCH ALTO JATAPU RIO BARARATI,1
16130000,PCH ALTO JATAPÚ,0
16131000,PCH ALTO JATAPU BARRAMENTO,1
16131200,PCH ALTO JATAPU JUSANTE,1
16150000,KATUEMA,0
16200000,BASE DA SIDERAMA,0
16205000,BASE SIDERAMA - JUSANTE,1
16210000,RANCHO DO BARROSO,0
16230000,RIO ITABANI,0
16231050,RIO URUBUÍ (CORREDEIRA URUBUÍ),0
16239000,RIO PRETO (MONTANTE),0
16239100,RIO PRETO (BALNEÁRIO),0
16239500,PONTE RIO URUBU,0
16250000,OSÓRIO FONSECA,0
16300000,MAUÉS,0
16300100,MAUÉS,0
16340900,ABAIXO DO FRIGORÍFICO OSÓRIO,0
16340940,FRONTEIRA DO AMAZONAS COM PARÁ,0
16350000,PARINTINS,0
16350001,PORTO DE PARINTINS,0
16350002,PARINTINS,0
16350100,RIO NHAMUNDÁ - MONTANTE,0
16350150,RIO NHAMUNDÁ - JUSANTE,0
16355000,CASTANHO,0
16360000,FAZENDA PARAMAZONAS,0
16365000,MAMURU,0
16368000,MINERAÇÃO CAIMA,0
16370000,PERIMETRAL NORTE,0
16380080,PONTA DA ILHA,0
16390060,TREZE QUEDAS,0
16390080,TURUNA,0
16410060,MANUEL JOSÉ,0
16410070,ILHINHA,0
16410080,MANIVA,0
16429480,TAJA,0
16430000,GARGANTA,1
16430003,CUMARU 2,0
16430004,MAGINA 2,0
16430005,MAGINA 1,0
16430008,QUEBRA POTE 3,0
16440000,ALDEIA DO CHAPÉU,0
16449480,ANANAI,0
16450000,CACHOEIRA ALTA,0
16460000,CARAMUJO,0
16470002,CUMARU,0
16480000,ALDEIA WAI-WAI,0
16480080,CACHOEIRA DA BATERIA,0
16490480,CARONA,0
16490490,ASSUNÇÃO,0
16500000,ESTIRÃO DA ANGÉLICA,1
16560000,MAP-1,0
16560080,CACHOEIRA DA ÉGUA,0
16590000,TABULEIRO - REBIO TROMBETAS,0
16600000,PORTO TROMBETAS,0
16620000,MÃE CUE,0
16650000,CACH DA PORTEIRA - CONJ 1,0
16650002,CACH DA PORTEIRA - CONJ 2,0
16650004,CACH DA PORTEIRA - CONJ 3,0
16660000,IBDF,0
16661000,TABULEIRO - REBIO TROMBETAS,1
16670000,PRAIA RASA,0
16700000,TIRIOS,0
16720000,MB-01,0
16780000,SA-03,0
16790060,ARMAZEM,0
16800000,VISTA ALEGRE - CONJ 1,1
16800002,VISTA ALEGRE - CONJ.2,0
16800004,VISTA ALEGRE - CONJ 3,0
16810000,CACHOEIRA DA PANCADA,0
16810080,CARAPANA,0
16820000,BARRACÃO DE PEDRA,0
16900000,ORIXIMINÁ,1
17050000,ÓBIDOS - PORTO,0
17050001,ÓBIDOS,1
17050002,ÓBIDOS - MD (AUXILIAR),0
17060000,CURUAI,0
17061000,SANTA CARIDADE,0
17070000,SETE VARAS,0
17090000,BOCA DO INFERNO,0
17090100,HIDRECON I,0
17090300,CONQUISTA DO OESTE,0
17090400,PCH SANTA LÚCIA I E II MONTANTE 2,1
17090500,PCH SANTA LÚCIA I E II MONTANTE 1,1
17090550,CAMPOS DE JÚLIO,0
17090580,PCH SANTA LÚCIA I E II BARRAMENTO,1
17090600,PCH SANTA LÚCIA I E II JUSANTE,1
17090700,PCH JESUÍTA MONTANTE,1
17091000,FAZENDA TUCUNARÉ,0
17091030,PCH SEGREDO MONTANTE,1
17091035,UHE JURUENA BARRAMENTO,1
17091040,PCH CIDEZAL BARRAMENTO,1
17091045,PCH CIDEZAL JUSANTE,1
17091046,PCH JESUÍTA BARRAMENTO,1
17091047,PCH SAPEZAL BARRAMENTO,1
17091048,PCH SAPEZAL JUSANTE,1
17091050,PCH SEGREDO BARRAMENTO,1
17091080,PCH ILHA COMPRIDA BARRAMENTO,1
17091085,UHE JURUENA MONTANTE,1
17091090,PCH ILHA COMPRIDA JUSANTE,1
17091093,PCH PARECIS BARRAMENTO,1
17091095,PCH PARECIS JUSANTE,1
17091096,PCH RONDON BARRAMENTO,1
17091097,PCH RONDON JUSANTE,1
17091098,PCH TELEGRÁFICA BARRAMENTO,1
17091099,PCH TELEGRÁFICA JUSANTE,1
17091100,CAMPOS DE JÚLIO,0
17091110,CAMPO NOVO DO PARECIS,0
17091130,PCH DIVISA MONTANTE 2,1
17091150,PCH DIVISA MONTANTE 1,1
17091160,PCH DIVISA BARRAMENTO,1
17091170,PCH DIVISA JUSANTE,1
17091180,PCH BURITI MONTANTE 2,1
17091190,COMODORO - RIO JUÍNA,1
17091200,PCH BURITI MONTANTE 1,1
17091210,PCH JUÍ 117 MONTANTE 2,1
17091300,PCH BURITI BARRAMENTO,1
17091310,PCH JUÍ 117 MONTANTE 1,1
17091400,PCH BURITI JUSANTE,1
17091410,PCH JUÍ 117 JUSANTE,1
17091450,FAZENDA RODIAL,1
17091500,SAPEZAL,0
17091508,SAPEZAL - RIO PAPAGAIO,1
17091510,SAPEZAL,0
17091530,PONTE MT-235 (Rio Sacre),0
17091540,PONTE MT-235 (Rio Verde),0
17091546,CAMPO NOVO PARECIS - RIO VERDE,1
17091550,PCH SACRE 2 RIO VERDE,1
17091560,PCH SACRE 2 RIO VERDE DESATIVADA,0
17091580,PCH SACRE 2 MONTANTE 2,1
17091600,PCH SACRE 2 MONTANTE 1,1
17092800,ALDEIA SACRE II,0
17092801,CAMPO NOVO DO PARECIS,0
17092850,PCH SACRE 2 JUSANTE,1
17092900,UTIARITI,0
17092950,FAZENDA SATÉLITE,0
17092960,PONTE ANTIGA BR-364 ,1
17093000,FONTANILHAS,0
17093010,MT-170,1
17093020,RIO JURUENA - PONTE EM JUÍNA,1
17093100,FAZENDA DANIEL,0
17093120,PONTE QUEBRADA,0
17093140,LAGOA DO LIXÃO,0
17093160,CAPTAÇÃO DO DAE,0
17093180,LAGOA DO CTG,0
17093200,PONTE CASTANHEIRA,0
17093220,FAZENDA TRÊS QUEDAS,0
17093240,PONTE ESCOLA AGRÍCOLA,0
17093400,PCH GARGANTA DA JARARACA MONTANTE 1,1
17093450,FAZENDA BEIRA RIO,0
17093500,PCH GARGANTA DA JARARACA MONTANTE 2,1
17093600,PCH GARGANTA DA JARARACA BARRAMENTO,1
17093700,PCH GARGANTA DA JARARACA  JUSANTE,1
17093750,PCH INXU BARRAMENTO,1
17093800,UHE BARUITO MONTANTE,0
17094000,PCH BARUITO BARRAMENTO,1
17094005,RIO DO SANGUE (SG-03),0
17094010,PCH BARUITO JUSANTE,1
17094050,PCH INXU JUSANTE,1
17094100,FAZENDA PONTE DE PEDRA,0
17094200,PONTE MT-428 (Rio do Sangue),0
17094300,BRASNORTE,0
17094400,PCH BOCAIÚVA MONTANTE,1
17094500,FAZENDA ALEGRIA,0
17094520,PCH BOCAIÚVA BARRAMENTO,1
17094550,PCH BOCAIÚVA JUSANTE,1
17094600,CRAVARI (CR-01),0
17095000,FAZENDA TOMBADOR,0
17097000,GLEBA AGROSAN,0
17098000,FAZENDA VALE DO TUCANA,0
17098500,FAZENDA CACHOEIRA GRANDE,1
17099000,FAZENDA CACHOEIRA DE PAU,1
17099100,CGH NOVO COLORADO BARRAMENTO,1
17099130,CGH NOVO COLORADO JUSANTE,1
17099200,CGH ÁGUA VERDE JUSANTE,1
17099300,PCH RIO CLARO MONTANTE,1
17099320,PCH RIO CLARO BARRAMENTO,1
17099400,PCH RIO CLARO JUSANTE,1
17099500,FAZENDA MASSAPÉ,1
17100000,FAZENDA TAUA,0
17118000,PLANALTO DA SERRA,0
17119000,UHE DO SALTO MAGESSI,0
17119500,SANTA RITA DO TRIVELATO,0
17120000,PORTO DOS GAÚCHOS,0
17120001,PORTO DOS GAUCHOS,0
17120050,CGH MESTRE FALCÃO JUSANTE,1
17121000,CAIABIS (BALSA - ITAPAIUNA),0
17122000,RIO DOS PEIXES,0
17122001,JUARA,0
17123000,RIO ARINOS,0
17123001,RIO ARINOS - JUARA,0
17123100,CGH FAZENDA MODELO BARRAMENTO,1
17123110,CGH FAZENDA MODELO JUSANTE,1
17124000,NÚCLEO ARIEL,0
17125000,EBEC - DIAUARUM (PORTO DA BALSA),0
17127000,PONTE MONTE VERDE,0
17130000,FOZ DO JURUENA,1
17200000,PORTO RONCADOR,0
17210000,TELES PIRES,0
17211100,CGH ÁGUA QUENTE MONTANTE,1
17219300,CGH APROVALE BARRAMENTO,1
17219600,CGH APROVALE JUSANTE,1
17220000,PCH APROVALE,0
17223000,CGH CORRENTÃO JUSANTE,1
17224000,CGH BURITIZAL MONTANTE,1
17224080,CGH SANTO ANTÔNIO I BARRAMENTO,1
17224100,CGH SANTO ANTÔNIO I JUSANTE,1
17228000,PCH CANOA QUEBRADA RIBEIRÃO GRANDE,1
17229000,PCH CANOA QUEBRADA RIBEIRÃO RANCHÃO,1
17230000,PCH CANOA QUEBRADA MONTANTE,1
17231000,LUCAS DO RIO VERDE,0
17240000,FAZENDA JOÃO E MARCELO,0
17240900,PCH NOVA MUTUM MONTANTE,1
17250000,FAZENDA RECANTO,0
17250500,PCH NOVA MUTUM BARRRAMENTO,1
17250550,PCH NOVA MUTUM JUSANTE,1
17260000,PCH CANOA QUEBRADA BARRAMENTO,1
17270000,PCH CANOA QUEBRADA JUSANTE,1
17271000,SORRISO,0
17271100,SORRISO,1
17272000,SORRISO,0
17273000,SINOP,0
17273100,UHE COLÍDER PONTE MT-222,1
17275000,UHE COLÍDER PONTE MT-242,0
17275100,UHE SINOP RIO VERDE,1
17277000,FAZENDA CERON,1
17277300,UHE SINOP MONTANTE 1,1
17277500,UHE SINOP MONTANTE 2,1
17278000,SORRISO,0
17278490,PCH FOZ DO CEDRO BARRAMENTO,1
17278500,PCH FOZ DO CEDRO JUSANTE,1
17279000,SINOP,0
17280000,CACHOEIRÃO,0
17280500,UHE COLÍDER CACHOEIRÃO,0
17280940,UHE SINOP RESERVATÓRIO 1,0
17280970,UHE SINOP RESERVATÓRIO 2,0
17280980,UHE SINOP BARRAMENTO,1
17280990,UHE SINOP JUSANTE,1
17290000,ITAUBA,0
17291000,UHE COLÍDER RIO RENATO,1
17300000,FAZENDA TRATEX,0
17304000,UHE COLÍDER RESERVATÓRIO,0
17305000,UHE COLÍDER BARRAMENTO,0
17306000,UHE COLÍDER JUSANTE,0
17307000,UHE COLÍDER PESQUEIRO DO GIL,1
17310000,NOVA CANAÃ DO NORTE,0
17340000,INDECO,0
17340100,CARLINDA,0
17340200,UHE TELES PIRES MONTANTE 2,1
17341000,PCH SALTO TRÊS DE MAIO JUSANTE,0
17343000,ESTRADA CUIABÁ - SANTARÉM,0
17344000,PCH BRAÇO NORTE III RIO SÃO BENTO,0
17345000,BASE DO CACHIMBO,0
17345001,PCH BRAÇO NORTE III MONTANTE 2,1
17350000,CACHIMBO,0
17354000,PCH BRAÇO NORTE RIO BRAÇO SUL,1
17354400,PCH BRAÇO NORTE III MONTANTE 1,1
17354450,PCH BRAÇO NORTE III BARRAMENTO,1
17354500,PCH BRAÇO NORTE III  (Guarantã Energética Ltda),0
17354550,PCH BRAÇO NORTE III CÓRREGO QUINZE DE NOVEMBRO,1
17354700,PCH BRAÇO NORTE IV BARRAMENTO,1
17354800,PCH BRAÇO NORTE IV JUSANTE,1
17354900,PCH BRAÇO NORTE II RESERVATÓRIO,0
17354930,PCH BRAÇO NORTE II BARRAMENTO,1
17354950,PCH BRAÇO NORTE II JUSANTE,1
17354970,PCH BRAÇO NORTE MONTANTE,1
17354990,PCH BRAÇO NORTE BARRAMENTO,0
17355000,PCH BRAÇO NORTE JUSANTE,1
17360000,ESTRADA CUIABÁ - SANTARÉM,0
17378000,UHE TELES PIRES RIO CRISTALINO,1
17380000,JUSANTE FOZ PEIXOTO DE AZEVEDO,0
17381000,ALTA FLORESTA,1
17381100,UHE TELES PIRES MONTANTE 1,1
17381600,UHE TELES PIRES RIO SANTA HELENA,1
17382000,UHE TELES PIRES MONTANTE 1 DESATIVADA,0
17382100,UHE TELES PIRES RESERVATÓRIO 18,0
17382110,UHE TELES PIRES RESERVATÓRIO 17,0
17382120,UHE TELES PIRES RESERVATÓRIO 16,0
17382125,UHE TELES PIRES RIO PARANAITA,1
17382130,UHE TELES PIRES RESERVATÓRIO 15,0
17382140,UHE TELES PIRES RESERVATÓRIO 14,0
17382150,UHE TELES PIRES RESERVATÓRIO 13,0
17382160,UHE TELES PIRES RESERVATÓRIO 12,0
17383000,UHE TELES PIRES RIO PARANAITA DESATIVADA,0
17383100,UHE TELES PIRES RESERVATÓRIO 19,0
17383300,UHE TELES PIRES RESERVATÓRIO 11,0
17383350,UHE TELES PIRES RESERVATÓRIO 10,0
17383400,UHE TELES PIRES RESERVATÓRIO 9,0
17383450,UHE TELES PIRES RESERVATÓRIO 8,0
17383500,UHE TELES PIRES RESERVATÓRIO,0
17383600,UHE TELES PIRES RESERVATÓRIO 7,0
17383650,UHE TELES PIRES RESERVATÓRIO 6,0
17383700,UHE TELES PIRES RESERVATÓRIO 5,0
17383750,UHE TELES PIRES RESERVATÓRIO 4,0
17383800,UHE TELES PIRES RESERVATÓRIO 3,0
17383900,UHE TELES PIRES RESERVATÓRIO 2,0
17384000,UHE TELES PIRES BARRAMENTO,1
17384200,UHE TELES PIRES JUSANTE,0
17384300,UHE TELES PIRES RESERVATÓRIO 1,0
17385000,PCH CABEÇA DE BOI MONTANTE 2,1
17387000,PCH CABEÇA DE BOI MONTANTE 1,1
17388000,PCH CABEÇA DE BOI RIO TAPAIUNA,0
17389000,PCH CABEÇA DE BOI RIO CABEÇA DE BOI,1
17389500,PCH CABEÇA DE BOI BARRAMENTO,1
17390000,APIACAS,0
17390100,UHE SÃO MANOEL JUSANTE 1,1
17393000,UHE SALTO APIACÁS RIO PIAU,1
17393500,UHE SALTO APIACÁS BARRAMENTO,1
17394000,PCH DA FAZENDA BARRAMENTO,1
17395000,PCH DA FAZENDA JUSANTE,1
17395800,UHE TELES PIRES RIO APIACÁS,0
17395900,UHE SÃO MANOEL RIO APIACÁS,0
17396080,UHE SÃO MANOEL BARRAMENTO,1
17396100,UHE TELES PIRES RIO TELES PIRES JUSANTE 1,0
17397000,UHE TELES PIRES RIO SÃO BENEDITO,0
17400000,MINERAÇÃO SÃO BENEDITO,0
17410000,SANTA ROSA,0
17410100,UHE SÃO MANOEL JUSANTE 2,1
17410200,UHE TELES PIRES RIO TELES PIRES JUSANTE 2,0
17420000,TRÊS MARIAS,1
17430000,BARRA DO SÃO MANUEL,1
17435000,CHACORÃO,0
17450000,MISSÃO CURURU,0
17500000,FORTALEZA,0
17600000,PORTO ALEGRE,0
17610000,CREPORIZÃO (EX - MUNDICO COELHO),0
17620000,CPR-104,0
17640000,GARIMPO DO BATALHA,0
17650000,JATOBÁ,0
17650002,ACARÁ DO TAPAJÓS,0
17660000,NOVO PROGRESSO,0
17670000,TRAVESSÃO DO PATAUA,0
17672000,GARIMPO SURUBIM,0
17675000,JARDIM DO OURO,0
17680000,JAMANXIM,1
17685000,FAZENDA TUPINAMBA,0
17700000,BARREIRAS,0
17710000,BUBURÉ,1
17720000,BELA VISTA,0
17730000,ITAITUBA,1
17730001,ITAITUBA,1
17730002,ITAITUBA,0
17800000,FORDLÂNDIA,0
17825000,FAZENDA GOIANO,0
17830000,FAZENDA DANIEL DE CARVALHO,0
17835000,AVEIRO,0
17835400,AVEIRO,1
17835600,FORDLÂNDIA,1
17835700,PAU DA LETRA,0
17850000,SÃO BRAZ,0
17899997,SANTARÉM,1
17900000,SANTARÉM,1
17900001,SANTARÉM SEGUNDO CONJUNTO,0
17900002,SANTARÉM,0
18050000,TAPERINHA,0
18060000,FOZ DO CURUATINGA,0
18070000,ACAMPAMENTO PILOTO,0
18080000,CACADEIRA,0
18090000,FAZENDA QUINCO,0
18090100,UHE CURUÁ-UNA RIO MOJÚ,1
18100000,SÍTIO CAJUEIRO,0
18114000,UHE CURUÁ-UNA RIO MOJUÍ,1
18115000,UHE CURUÁ-UNA MONTANTE,1
18116000,UHE CURUÁ-UNA - CANAL ADUTOR,0
18116900,UHE CURUÁ-UNA BARRAMENTO,1
18118080,UHE CURUÁ-UNA,0
18119000,UHE CURUÁ-UNA JUSANTE,1
18120000,CACHOEIRA DO PALHÃO  PF-16,0
18120002,CACHOEIRA DO PALHÃO  PF-17,0
18121000,JUSANTE DA BARRAGEM - CONJ 2,0
18121002,JUSANTE DA BARRAGEM - CONJ 1,0
18121004,JUSANTE DA BARRAGEM - CONJ.3,0
18121006,BARRAGEM - CONJ.4,0
18150000,LAJEIRO,0
18170000,CACHOEIRA MOCOTO,0
18200000,ARAPARI,0
18250000,URUARÁ,0
18280000,APALAI,0
18290000,ALDEIA PURURÉ,0
18295000,PORTO PUXURI,0
18300000,FAZENDA PAQUIRA,0
18390000,ALMEIRIM,1
18400000,ARUMANDUBA,0
18407500,PCH CULUENE MONTANTE,1
18408000,PCH CULUENE BARRAMENTO,1
18408500,PCH CULUENE JUSANTE 1,1
18408900,PASSAGEM DA BR-309,0
18409000,PASSAGEM DA BR-309,1
18409200,PONTE DE PEDRA,0
18409300,PCH PARANATINGA I MONTANTE 3,0
18409350,PCH CULUENE JUSANTE 2,1
18409400,PCH PARANATINGA I MONTANTE 2,0
18409500,PCH PARANTINGA I,0
18409550,FAZENDA ROSANGELA (RET.BECK),0
18409600,PCH PARANATINGA II BARRAMENTO,1
18409650,PCH PARANATINGA II JUSANTE,1
18415000,POUSADA MATRINXA,1
18420000,FAZENDA ITAGUAÇU,0
18421000,FOZ RONURO,1
18421600,PONTE MT 423 RIO AZUL,0
18422000,RIACHO DE DEUS,1
18422400,PCH ARS MONTANTE,1
18422480,PCH ARS BARRAMENTO,1
18422500,PCH ARS JUSANTE 1,1
18422600,PCH ARS JUSANTE 2,1
18423000,CONSUL,0
18423200,TANGURU,0
18423400,FAZENDA SÃO JUDAS TADEU,0
18423500,DARRO I (Ponte Km 40),0
18423800,DARRO II (Barra do rio Darro),0
18425000,FAZENDA MARMELEIRO,0
18425200,MT-442,1
18426000,TANGURINHO  (Sítio Tangurinho),0
18426500,TURVO (Sítio novo turvo),0
18426800,BONITO  (Ribeirão Bonito),0
18427000,CÓRREGO TRINTA (BR-158  kM 30)(Próx Alô brasil),0
18428000,SANTA CRUZ DO SUIA,1
18428100,SUIÁ-MIÇU  (Brasil Novo),0
18430000,PASSAGEM BR-080,0
18435000,RIO COMANDANTE FONTOURA,1
18436000,JUSANTE RIO PRETO,0
18450000,KOKRAIMORO,0
18455000,PORTO SEGURO,0
18460000,BOA SORTE,1
18470000,UHE SÃO FÉLIX,0
18480000,FAZENDA RIO DOURADO,1
18490000,GOROTIRE,0
18495000,CAPOEIRAS,0
18500000,BOA ESPERANÇA,1
18500040,SÃO FELIX DO XINGU 1,0
18500060,SÃO FÉLIX DO XINGU 2,0
18510000,SÃO FÉLIX DO XINGU,0
18513000,JOARI,0
18514000,UHE POMBAL,0
18514080,IPIXUNA,0
18515000,SÃO JOSÉ  X-6,0
18520000,BELO HORIZONTE,0
18530000,SÃO MIGUEL X-5,0
18570040,TUCUMÃ,0
18580000,SÃO RAIMUNDO,0
18590000,MANOEL JORGE  (TERRA PRETA),1
18600000,LARANJEIRAS,1
18610000,TAPERA,0
18620000,CACHOEIRA DA LUZ,0
18620800,PCH SALTO BURITI MONTANTE 2,1
18620900,PCH SALTO BURITI MONTANTE 1,1
18620950,PCH SALTO BURITI RIO ESCORPIÃO,1
18621000,PCH BURITI - MONTANTE,0
18621100,PCH SALTO BURITI BARRAMENTO,1
18621900,PCH SALTO CURUÁ BARRAMENTO,1
18622000,PCH SALTO CURUÁ JUSANTE,1
18630000,PCH SALTO TRÊS DE MAIO BARRAMENTO,1
18630100,PCH SALTO TRÊS DE MAIO JUSANTE,1
18640000,ALDEIA BAÚ,0
18650000,CAJUEIRO,1
18670000,IRIRI I-7,0
18700000,PEDRA DO Ó,1
18810000,ILHA DA BOA VISTA - XIN-001,0
18820000,ARARAS,0
18820900,UHE BELO MONTE BARRAMENTO INTERMEDIÁRIO,1
18821000,UHE BELO MONTE MONTANTE,1
18830000,TABOCA,0
18830001,ILHA DO CANTEIRO - ME,0
18830002,EIXO ILHA DO CANTEIRO,0
18840000,BABAQUARA CONJ.1,0
18840001,BABAQUARA CONJ.2,0
18840002,BABAQUARA CONJ.3,0
18840003,BM 1,0
18840004,BM 2,0
18849080,BABAQUARA,0
18849100,UHE ALTAMIRA,0
18849140,ALTAMIRA,0
18849800,UHE BELO MONTE IGARAPÉ PANELAS,1
18850000,ALTAMIRA,1
18850002,ALTAMIRA,0
18850200,UHE BELO MONTE IGARAPÉ ALTAMIRA,1
18850400,UHE BELO MONTE IGARAPÉ CUPIÚBA,1
18850600,UHE BELO MONTE IGARAPÉ CIPÓ AMBÉ,1
18851000,TIRA DÚVIDA,0
18860000,KOATYNEMA,0
18862000,EIXO ILHA DA SERRA,0
18864000,UHE BELO MONTE BARRAMENTO,1
18865000,CANA VERDE I,0
18865001,CANA VERDE 1A,0
18865002,CANA VERDE II,0
18865003,UHE BELO MONTE MANGUEIRAS,1
18865004,ILHA DO NERIS,0
18867000,HEC I,0
18867100,HEC II,0
18867900,UHE BELO MONTE FOZ DO BACAJÁ,1
18868000,JUSANTE BACAJÁ ,0
18868100,ANAPU,0
18870000,ALDEIA BACAJÁ,0
18880000,FAZENDA CIPAÚBA,1
18885000,BARRA DO VENTO I,0
18890000,VERTEDOURO - COMPLEMENTAR,0
18900000,BELO MONTE,0
18901080,UHE BELO MONTE,0
18905000,VARADOURO,0
18910000,PIMENTAL,0
18915000,SERINGUEIRA,0
18920000,CONTRA,0
18924000,VITÓRIA DO XINGU 1,0
18925000,POSTO DO LEO,0
18930000,BOCA DE SANTO ANTÔNIO I,0
18935000,UHE BELO MONTE JUSANTE,1
18935020,VITÓRIA DO XINGU 2,0
18936000,VITÓRIA DO XINGU,1
18938001,SOUZEL,1
18940000,FAZENDA BOA ESPERANÇA,0
18950000,PORTO DE MOZ,0
18950003,PORTO DE MOZ,1
18960000,PORTO DO FRANÇA,0
19050000,MOLOCOPOTE,0
19070000,SÃO DOMINGOS DO JARI,0
19080000,CACHOEIRA DO ANCOL,0
19090000,UHE SANTO ANTÔNIO DO JARI CHAFARIZ DE CIMA,1
19093000,RIO JARI - PRÓXIMO Foz do Igarape da Santa,0
19095000,UHE SANTO ANTÔNIO DO JARI ITAPEUARA,1
19100000,IRATAPURU,0
19110000,UHE SANTO ANTÔNIO DO JARI IRATAPURU,1
19140000,FOZ DO RIO IRATAPURU,0
19150000,SÃO FRANCISCO,0
19150500,UHE SANTO ANTÔNIO DO JARI RESERVATÓRIO 2,0
19150800,UHE SANTO ANTÔNIO DO JARI MORENO,1
19150840,UHE SANTO ANTÔNIO DO JARI RESERVATÓRIO 1,0
19150900,UHE SANTO ANTÔNIO DO JARI CACHOEIRA,1
19151000,UHE SANTO ANTÔNIO DO JARI BARRAMENTO,1
19151500,UHE SANTO ANTÔNIO DO JARI JUSANTE,1
19152000,LARANJAL DO JARI MONTANTE,0
19152490,PONTA LESTE DA ORLA DO JARI,0
19152500,LARANJAL DO JARI,1
19153000,LARANJAL DO JARI - JUSANTE,0
19153100,FOZ DO RIO ARAPIRANGA,0
19154000,VITÓRIA DO JARI - MONTANTE,0
19154010,PORTO AO LADO DA JARI CELULOSE,0
19155000,VITÓRIA DO JARI - JUSANTE,0
19156000,JARILÂNDIA,0
19200000,SÃO PEDRO,0
19201000,RIO CAJARI - Montante da Foz do rio Boca do Braço ,0
19202000,FOZ DO RIO BOCA DO BRAÇO,0
19203000,FOZ DO RIO CAJARI,0
19204000,FOZ DO RIO MURIACA,0
19210000,FOZ DO RIO ARIRAMBA,0
19220000,FOZ DO RIO AJURUXI,0
19221000,RIO VILA NOVA - Próx. Furo do Mazagão,0
19222000,FURO DO MAZAGÃO,0
19222050,PONTE DE CONCRETO DO RIO VILA NOVA,0
19222100,PONTE DO RIO ANAUERAPUCU,0
19223000,FOZ DO RIO CAMAIPI,0
19224000,RIO VILA NOVA - Montante da Ponte da BR-156,0
19225000,RIO VILA NOVA - Próx. Mineração Vila Nova,0
19230000,RIO MARACÁ,0
19231000,IGARAPÉ DO LAGO,0
19232000,FOZ DO RIO MARACÁ,0
19240000,RIO PRETO,0
19241000,FOZ DO IGARAPÉ DO BREU - RIO PRETO,0
19242000,FOZ DO RIO PRETO,0
19244000,BALNEÁRIO DE MAZAGÃO VELHO,0
19300000,PANCADA,0
19300050,PONTE DO RIO MARACÁ,0
19400000,ACAMPAMENTO BACURI,0
19490000,PORTO DE SANTANA,0
19490010,CAPTAÇÃO DO ABASTECIMENTO DE SANTANA,0
19490100,PORTO DA FLORA,0
19500000,MACAPÁ,1
19500001,CAPTAÇÃO DO ABASTECIMENTO DE MACAPÁ,0
19510000,PONTA DO CÉU,0
19520000,SÃO MARCOS,0
19540000,SACRARIO,0
19560000,ANAJÁS,0
19600000,CURRALINHO,0
19700000,JENIPAPO,0
19720000,TUYUYU,0
19740000,CASA DO SOLDADO,0
19780000,TUCUNARÉ,0
19800000,CACHOEIRA DO ARARI,0
19820000,SEÇÃO DE CACHOEIRA,0
19840000,SANTANA DO ARARI,0
19900000,CÂMARA,0
19950000,FAZENDA SANTO ANTÔNIO,0
19970000,PIRANHAS,0
19980000,CAIÇARA,0
19985000,PACAJÁS,1
20000900,RIO MARANHÃO,0
20000950,RIBEIRÃO PALMEIRAS,0
20001000,MARANHÃO FAZENDA CHIBATA,0
20001050,SONHEM,1
20001090,CONTAGEM MONT. CAPTAÇÃO - EPCT-001,0
20001100,CONTAGEM JUS. CAPTAÇÃO - EPCT-001,0
20001130,CONTAGEM - RUA DO MATO,0
20001140,RUA DO MATO,0
20001145,MONTANTE ETE FERCAL,0
20001150,ENGENHO VELHO - DF 150,0
20001160,FAZENDA SANTANA,0
20001200,CONTAGEM - VC 201,1
20001300,SALINAS,0
20001400,PALMA,1
20001500,PALMA - FAZENDA BIBOCA,0
20008000,RIO DO SAL,1
20009000,SAL -  FAZENDA MONTE HOREBE,0
20010000,SAL - EIXO I - FAZ. RODA VELHA,0
20012800,JUSANTE ETE BRAZLÂNDIA,0
20012850,MONTANTE ETE BRAZLÂNDIA,0
20012904,RIO VERDE MONTANTE PAULISTA - PT 04,0
20013000,CÓRREGO PAULISTA,0
20013001,COR. PAULISTA LANÇAM. ÁGUAS LINDAS  - PT 01,0
20013002,CÓRREGO PAULISTA PONTE - PT 02,0
20013003,CÓRREGO PAULISTAMONT. VERDE - PT 03,0
20013008,CÓRREGO PAULISTA - PT 05,0
20014000,VERDE- JUSANTE PAULISTA,0
20015000,RIO VERDE - JUSANTE CUIABA,0
20016000,VERDE_COCALZINHO - GO 230,0
20016900,BR-080 - FAZ. CACHOEIRA,0
20017000,MONTANTE PONTE DF-128,0
20020000,PRÓXIMO PADRE BERNARDO,0
20050000,PONTE QUEBRA LINHA,0
20050001,BR-414 - QUEBRA-LINHA,0
20050050,UHE SERRA DA MESA RIO MARANHÃO,1
20050070,BR-080/ 435,0
20050080,MARANHÃO,0
20090000,AHE PORTEIRAS,0
20090010,UHE SERRA DA MESA PORTEIRAS SANTA BÁRBARA,1
20090060,PORTEIRAS,0
20095000,RIO DAS ALMAS (Pirenópolis),0
20096000,RIO DAS ALMAS,0
20096010,PIRENÓPOLIS,0
20096020,CAMPING RAÍZES,0
20097000,BR-070,0
20100000,JARAGUÁ,1
20100005,JARAGUÁ,0
20100010,JARAGUÁ - PONTE DA BR-153,0
20110900,PCH CACHOEIRA DO LAVRINHA MONTANTE,1
20111000,SANTA TEREZA DO TOCANTINS,0
20120000,PCH CACHOEIRA DO LAVRINHA BARRAMENTO,1
20130000,PCH CACHOEIRA DO LAVRINHA JUSANTE,1
20140000,MATO GRANDE MONTANTE ETE BRASLÂNDIA,0
20147010,RIBEIRÃO DOIS IRMÃOS,0
20150000,FAZENDA NOVO URU,0
20150100,GO-522 - CALCILÂNDIA,0
20161000,VILA PROPÍCIO,0
20200000,URUANA,1
20200001,GO-154,0
20200010,UHE SERRA DA MESA RIO URU,0
20230000,CAPTAÇÃO ANDA SÓ - GOIANÉSIA,0
20249500,GO-483/ GO-230,0
20250000,UHE SERRA DA MESA CERES,1
20250100,GO-230 - JARAGUÁ,0
20251000,BR-153 - JARDIM PAULISTA,0
20300000,SÃO PATRÍCIO,0
20489000,AHE BURITI QUEIMADO,0
20489060,BURITI QUEIMADO,0
20489100,UHE SERRA DA MESA FAZENDA CAJUPIRA,1
20490000,COLÔNIA DOS AMERICANOS,0
20500000,PORTO URUAÇU,0
20600000,MARANHÃO MONT (BRASILINHA),0
20601000,MARANHÃO JUS. (FAZ.PALMEIRAS),0
20699000,UHE SERRA DA MESA MUQUEM VAU DA ONÇA,1
20700000,PORTO RIO BAGAGEM,0
20790000,CONTAGEM,0
20800000,SANSÃO (ENGENHO),0
20895080,PCH INV MIRADOR,0
20899000,SÃO LUIZ DO TOCANTINS,0
20900000,TOCANTINZINHO,0
20919000,UHE SERRA DA MESA RESERVATÓRIO,0
20920000,AHE SÃO FÉLIX - S.MESA MONT,0
20920010,AHE SÃO FÉLIX - MIRA N,0
20920020,AHE SÃO FÉLIX - MIRA M,0
20920024,AHE SÃO FÉLIX - MIRA C,0
20920026,AHE SÃO FÉLIX - MIRA D,0
20920030,AHE SÃO FÉLIX - MIRA L,0
20920040,AHE SÃO FÉLIX - MIRA H,0
20920050,AHE SÃO FÉLIX - MIRA K,0
20920060,AHE SÃO FÉLIX - MIRA G,0
20920065,AHE SÃO FÉLIX - MIRA E,0
20920070,AHE SÃO FÉLIX - MIRA J,0
20920080,UHE SERRA DA MESA BARRAMENTO,1
20920085,AHE SÃO FÉLIX - MIRA I,0
20920090,AHE SÃO FÉLIX - MIRA P,0
20930000,AHE SÃO FÉLIX - MIRA O / RUBÃO,0
20930001,AHE SÃO FÉLIX - MIRA O / MONT,0
20930002,AHE SÃO FÉLIX - MIRA O / JUS,0
20930010,AHE SÃO FÉLIX - MIRA F / 3 MORROS,0
20950000,PONTE RIO PRETO,0
20980000,UHE CANA BRAVA RIO PRETO,1
21030000,UHE CANA BRAVA RIO BONITO,1
21040000,UHE CANA BRAVA RIO SÃO FELIX,1
21050000,SÃO FÉLIX (A/B),0
21050010,AHE SÃO FÉLIX - MIRA A / S. FÉLIX,0
21050020,AHE SÃO FÉLIX - MIRA B / S. FÉLIX,0
21050021,AHE SÃO FÉLIX - MIRA B / MONT,0
21050022,AHE SÃO FÉLIX - MIRA B / JUS,0
21050025,UHE CANA BRAVA RESERVATÓRIO 2,0
21050028,UHE CANA BRAVA RESERVATÓRIO 1,0
21050030,AHE SÃO FÉLIX - CB-1,0
21050040,AHE SÃO FÉLIX - CB-2,0
21050050,AHE SÃO FÉLIX - MIRA R,0
21050060,AHE SÃO FÉLIX - CB-4,0
21050070,AHE SÃO FÉLIX - CB-5,0
21050080,UHE CANA BRAVA BARRAMENTO,1
21050085,AHE SÃO FÉLIX - MIRA S,0
21050090,AHE SÃO FÉLIX - MIRA T,0
21050100,AHE SÃO FÉLIX - MIRA U,0
21050110,AHE SÃO FÉLIX - CB-6,0
21050120,AHE SÃO FÉLIX - CB-7,0
21050130,AHE SÃO FÉLIX - CB-8,0
21050140,AHE SÃO FÉLIX - MIRA X,0
21050150,MIRA X,0
21050160,FAZENDA COLORADO,0
21050200,UHE SÃO SALVADOR RIO CANA BRAVA,1
21060000,UHE SÃO SALVADOR RESERVATÓRIO,0
21062000,PALMEIRÓPOLIS,0
21070000,UHE SÃO SALVADOR BARRAMENTO,0
21080000,UHE SÃO SALVADOR BARRAMENTO,1
21100000,FAZENDA BRECHO,0
21150100,UHE SÃO SALVADOR RIO MUCAMBÃO,1
21160100,UHE SÃO SALVADOR RIO CUSTÓDIO,1
21163100,UHE SÃO SALVADOR RIBEIRÃO MUCAMBINHO,1
21210000,FAZENDA ESPÍRITO SANTO,1
21210001,GO-484 - FORMOSA,0
21210200,PROJETO FLORES DE GOIÁS MONTANTE,0
21210250,PROJETO FLORES DE GOIÁS BARRAMENTO,0
21215000,GO-020 - FORMOSA,0
21220000,FLORES DE GOIÁS,1
21220001,GO-236 - FLORES DE GOIÁS,0
21250000,PCH MAMBAÍ II JUSANTE DA PONTE DO RIO CORRENTE,1
21268000,PCH MAMBAÍ II MONTANTE,1
21270000,PCH MAMBAÍ II BARRAMENTO,1
21272000,PCH MAMBAÍ II JUSANTE,1
21273000,PCH PIARUCUM MONTANTE,1
21273100,CGH SIRIVERA MONTANTE,1
21273300,CGH SIRIVERA BARRAMENTO,1
21273500,CGH PALMEIRAS BARRAMENTO,1
21273550,CGH SUCURI JUSANTE,1
21273600,CGH PALMEIRAS JUSANTE,1
21274000,PCH PIARUCUM BARRAMENTO,1
21280000,UHE MAMBAI - JUSANTE,0
21282010,TAGUATINGA,0
21287000,PCH RIACHÃO BARRAMENTO,1
21289000,PCH RIACHÃO JUSANTE,1
21290000,PCH SANTA EDWIGES I,0
21291000,PCH SANTA EDWIGES II BARRAMENTO,1
21291100,PCH SANTA EDWIGES II JUSANTE,1
21291500,PCH SANTA EDWIGES III BARRAMENTO,1
21292000,PCH SANTA EDWIGES III JUSANTE,1
21300000,ALVORADA DO NORTE,0
21300100,PCH ALVORADA DO NORTE,0
21500000,NOVA ROMA (FAZ.SUCURI),1
21510000,PONTE SÃO MATEUS,0
21539000,PCH GALHEIROS I MONTANTE,1
21540000,PCH GALHEIROS I BARRAMENTO,1
21545000,PCH SÃO DOMINGOS MONTANTE,1
21550000,SÃO DOMINGOS,0
21550100,PCH SÃO DOMINGOS BARRAMENTO,1
21550500,PCH SÃO DOMINGOS II BARRAMENTO,1
21550900,PARANÃ,0
21551000,PCH SÃO DOMINGOS,0
21551100,PCH SÃO DOMINGOS II JUSANTE,1
21560000,FAZENDA VENEZA,0
21580000,SÃO VICENTE,0
21600000,UHE PEIXE ANGICAL PONTE PARANÃ,1
21600025,AHE BOA VISTA - MIRA E,0
21600030,AHE BOA VISTA - MIRA F,0
21600035,AHE BOA VISTA - MIRA G,0
21600040,AHE BOA VISTA - MIRA H,0
21600045,AHE BOA VISTA - MIRA I,0
21600050,AHE BOA VISTA - MIRA J,0
21600055,AHE BOA VISTA - MIRA K,0
21600060,AHE BOA VISTA - MIRA L,0
21600065,AHE BOA VISTA - MIRA M,0
21600070,AHE BOA VISTA - MIRA  N,0
21610000,CACH DO FUNIL - 1 KM A JUS,0
21620000,4 KM JUS CACH DO FUNIL,0
21620080,FOZ DO BEZERRA,0
21630000,BARRAMENTO JUSANTE,0
21632000,JUSANTE FOZ DO RIO BEZERRA,0
21639080,SÃO DOMINGOS,0
21650000,MONTANTE DA BARRA DO PALMA,0
21660000,UHE PEIXE ANGICAL FAZENDA VISÃO DA SANTANA,1
21740000,UHE MOSQUITO,0
21750000,LAVANDEIRA,0
21752000,AURORA,0
21754000,COMBINADO,0
21758000,AURORA DO TOCANTINS,1
21760000,NOVO ALEGRE,0
21760080,UHE SOBRADO - MONTANTE,0
21761000,PCH SOBRADO MONTANTE,1
21762000,PCH SOBRADO BARRAMENTO,1
21769000,TAGUATINGA,0
21770080,CGH TAGUATINGA MONTANTE,1
21780000,PONTE ALTA DO BOM JESUS,0
21780080,PCH AGRO TRAFO RIO PONTE ALTA,1
21780100,TAIPAS,0
21780170,PCH AGRO TRAFO MONTANTE 2,0
21780175,NOVO JARDIM,0
21780180,PCH AGRO TRAFO MONTANTE,1
21780185,PCH AGRO TRAFO BARRAMENTO,0
21780190,PCH AGRO TRAFO JUSANTE,0
21780200,PCH ÁGUA LIMPA BARRAMENTO,1
21780210,PCH ÁGUA LIMPA JUSANTE,1
21780240,PCH AREIA BARRAMENTO,1
21780250,PCH AREIA JUSANTE,1
21780260,PCH DOIDO BARRAMENTO,1
21780265,PCH DOIDO JUSANTE,1
21780270,PCH DIACAL II MONTANTE,1
21780275,PCH DIACAL II BARRAMENTO,1
21780280,PCH DIACAL - JUSANTE,0
21800000,PARANÃ (PRADA),0
21800010,BARRA RIO PARANÃ,1
21810000,PCH SÍTIO CAETANA (LARROSA & SANTOS),0
21811000,PCH PORTO FRANCO RESERVATÓRIO 2,0
21812000,PCH PORTO FRANCO RESERVATÓRIO 1,0
21815000,PCH PORTO FRANCO BARRAMENTO,1
21820000,PCH PORTO FRANCO JUSANTE,1
21829000,PCH BOA SORTE BARRAMENTO,1
21830000,PCH BOA SORTE JUSANTE,1
21835000,PCH RIACHO PRETO BARRAMENTO,1
21836000,PCH RIACHO PRETO JUSANTE,1
21836800,PCH LAGOA GRANDE RESERVATÓRIO 1,0
21837000,PCH LAGOA GRANDE RIBEIRÃO DO INFERNO,1
21838000,PCH LAGOA GRANDE RESERVATÓRIO 2,0
21840000,PCH SÍTIO LAGOA GRANDE JUSANTE,0
21841000,PCH LAGOA GRANDE RESERVATÓRIO 3,0
21842000,PCH LAGOA GRANDE BARRAMENTO,1
21843000,PCH LAGOA GRANDE JUSANTE,1
21844900,RIO PALMEIRAS - TAIPAS,1
21845000,PONTE ALTA DO BOM JESUS,0
21850000,UHE PEIXE ANGICAL RIO DA PALMA,1
21851000,CONCEIÇÃO DO TOCANTINS,0
21858000,FAZENDA IPUEIRA DA CANOA,0
21859000,PARANÃ,0
21859500,ARRAIAS,0
21860000,UHE PEIXE ANGICAL FAZENDA NOVA AREIA,1
21860001,PARANÃ,0
21890000,BARRA DO PALMA,0
21891000,BARRA DE PALMAS,1
21891001,PARANÃ,0
21900000,PARANÃ,0
22030005,AHE PEIXE - ESCONDIDO,0
22030010,AHE PEIXE - CRUZEIRO,0
22030015,AHE PEIXE - SÃO LUÍS,0
22030020,AHE PEIXE - MIRA A,0
22030025,AHE PEIXE - MIRA B,0
22030030,AHE PEIXE - MIRA C,0
22030035,AHE PEIXE - MIRA D,0
22030040,AHE PEIXE - MIRA E,0
22030045,AHE PEIXE - MIRA F,0
22030050,AHE PEIXE - MIRA G,0
22030055,AHE PEIXE - MIRA H,0
22030060,AHE PEIXE - MIRA I,0
22030065,AHE PEIXE - MIRA J,0
22030070,AHE PEIXE - JATOBÁ,0
22040000,FAZENDA ANGICAL,0
22042220,UHE PEIXE ANGICAL RESERVATÓRIO 2,0
22042240,UHE PEIXE ANGICAL RESERVATÓRIO 3,0
22042260,UHE PEIXE ANGICAL RESERVATÓRIO 4,0
22042280,UHE PEIXE ANGICAL RESERVATÓRIO 5,0
22042300,UHE PEIXE ANGICAL RESERVATÓRIO 6,0
22042315,UHE PEIXE ANGICAL FAZENDA BARREIRO,1
22042320,UHE PEIXE ANGICAL RESERVATÓRIO 7,0
22042340,UHE PEIXE ANGICAL RESERVATÓRIO 8,0
22042360,UHE PEIXE ANGICAL RESERVATÓRIO 9,0
22042380,UHE PEIXE ANGICAL RESERVATÓRIO 10,0
22042400,UHE PEIXE ANGICAL RESERVATÓRIO 11,0
22042440,UHE PEIXE ANGICAL RESERVATÓRIO 12,0
22042500,UHE PEIXE ANGICAL RESERVATÓRIO 1,0
22042550,UHE PEIXE ANGICAL RESERVATÓRIO 13,0
22042570,UHE PEIXE ANGICAL RESERVATÓRIO 14,0
22043000,UHE PEIXE ANGICAL BARRAMENTO,1
22045000,UHE PEIXE ANGICAL JUSANTE,1
22050001,PEIXE,1
22100000,COLONHA,1
22100001,PEIXE,0
22110000,ALVORADA,0
22120900,ALVORADA,0
22130000,FAZENDA SALINA,0
22140000,SÃO VALÉRIO,1
22150000,JACINTO,0
22150900,GURUPI,0
22151000,UHE LUÍS EDUARDO MAGALHÃES JACINTO,1
22151100,MONTE DO CARMO,0
22152000,UHE LUÍS EDUARDO MAGALHÃES ÁGUA SUJA,0
22152100,PORTO NACIONAL,0
22153000,FIGUEIRÓPOLIS,0
22155000,FIGUEIRÓPOLIS,0
22160000,GURUPI,1
22166000,PIUM,0
22168000,ALIANÇA,0
22170000,RIO CRIXÁS,1
22170100,BREJINHO DE NAZARE,0
22173000,UHE LUÍS EDUARDO MAGALHÃES CRIXÁS,0
22180000,SILVANÓPOLIS,0
22184000,RIO DA CONCEIÇÃO,0
22184100,PCH MANUEL ALVES MONTANTE,1
22184200,PCH MANUEL ALVES BARRAMENTO,1
22184210,PCH MANUEL ALVES JUSANTE,1
22185000,RIO MANUEL ALVES DA NATIVIDADE,0
22186000,RIO MANUEL ALVES - PORTO ALEGRE DO TO,1
22189995,PORTO ALEGRE DO TO,1
22190000,PORTO ALEGRE,0
22195000,DIANÓPOLIS,0
22199000,PCH DIANÓPOLIS MONTANTE,0
22199500,PCH DIANÓPOLIS BARRAMENTO,1
22200080,PCH DIANÓPOLIS JUSANTE,1
22210000,NATIVIDADE,0
22219000,NATIVIDADE,0
22220000,PORTO JERÔNIMO - FAZ. PIRACICABA,1
22220001,UHE LUÍS EDUARDO MAGALHÃES JERÔNIMO,1
22223000,FAZENDA MARIANA,0
22224000,SÃO VALÉRIO,0
22225080,PCH AGRO TRAFO RIO BAGAGEM,1
22226000,NATIVIDADE,0
22228000,FAZENDA BARRA NOVA,0
22230050,NATIVIDADE 2,0
22230060,SANTA ROSA DO TOCANTINS,0
22240000,GURUPI,0
22241000,RIO DO PEIXE - ALMAS - TO,1
22250000,FAZENDA LOBEIRA,1
22255000,FORMOSO DO ARAGUAIA,0
22257000,SANTA ROSA DO TOCANTINS,0
22260000,SANTA ROSA,0
22270000,IPUEIRAS,0
22270100,IPUEIRAS,0
22280000,IPUEIRAS,0
22281000,UHE LUÍS EDUARDO MAGALHÃES IPUEIRAS,1
22300000,UHE LUÍS EDUARDO MAGALHÃES JURUPARY,1
22310000,PINDORAMA,0
22320000,UHE LUÍS EDUARDO MAGALHÃES AREIAS,1
22321000,PORTO NACIONAL,0
22340000,4KM MONT DE PORTO NACIONAL,0
22340001,RIBEIRÃO DOS POTES,0
22349080,PORTO NACIONAL,0
22350000,PORTO NACIONAL,0
22350200,UFT AGROTINS,1
22350500,PORTO NACIONAL,0
22350800,MONTE DO CARMO,0
22350900,SANTA RITA,0
22351000,TAQUARUÇU GRANDE,0
22351500,RIBEIRÃO TAQUARUÇU GRANDE-PALMAS,1
22352000,PALMAS (Ribeirão Taquarussu),0
22353000,PALMAS (Distrito Taquaruçu),0
22354000,PALMAS (Córrego Água Fria),0
22354010,COLINAS DO TOCANTINS,0
22355000,PALMAS (Córrego Brejo Comprido),0
22356000,PARAÍSO DO TOCANTINS,0
22360000,UHE LUÍS EDUARDO MAGALHÃES MANGUES,1
22360100,PARAISO DO TOCANTINS,0
22400000,BARRA DO MATANCA,0
22410000,UHE LUÍS EDUARDO MAGALHÃES SANTA LUZIA,0
22420000,BARRA CÓRREGO BREJO COMPRIDO,1
22490000,LAGEADO FAZENDA BREJINHO,0
22490100,CGH LAGEADO MONTANTE,1
22490200,CGH LAGEADO BARRAMENTO,1
22490300,CGH LAGEADO JUSANTE,1
22490500,UHE LUÍS EDUARDO MAGALHÃES BARRAMENTO,1
22491000,UHE LUÍS EDUARDO MAGALHÃES JUSANTE,1
22491200,UHE LUÍS EDUARDO MAGALHÃES LUCENA,1
22491400,UHE LUÍS EDUARDO MAGALHÃES TOCANTÍNIA,1
22492080,PCH LAJEADO JUSANTE,0
22499008,TOCANTINIA,0
22500000,MIRACEMA DO TOCANTINS,0
22500001,MIRACEMA DO TOCANTINS,0
22501000,BARROLÂNDIA,0
22510000,MIRANORTE,0
22510050,MATEIROS,0
22510900,MIRNORTE,0
22511000,RIO PROVIDÊNCIA,1
22520000,MIRACEMA,0
22525000,LAJEADO,0
22530000,TOCANTINIA,0
22560000,CHÁCARA ALECRIM,0
22580000,PALMAS (Distrito Buritirana),0
22660000,MATEIROS,0
22661080,PCH INV SONO I,0
22662000,SÃO FÉLIX DO TOCANTINS,0
22665000,CHÁCARA RIO PRETO,0
22670000,RIO NOVO,1
22678000,NOVO ACORDO,0
22679000,NOVO ACORDO,0
22680000,JATOBÁ (FAZENDA BOA NOVA),1
22685000,UHE ESTREITO RIO DO SONO 2,1
22688000,NOVO ACORDO,0
22700000,NOVO ACORDO,0
22730000,PORTO GILÂNDIA,0
22735000,PCH ISAMU IKEDA MONTANTE 2,1
22735050,PCH ISAMU IKEDA MONTANTE 1,1
22735060,PCH ISAMU IKEDA RIO PONTE ALTA,1
22735070,PCH ISAMU IKEDA BARRAMENTO,1
22735080,PCH ISAMU IKEDA JUSANTE,1
22735090,PONTE ALTA DO TOCANTINS,0
22736080,PCH INV BALSAS I,0
22738000,UHE ESTREITO RIO DAS BALSAS,1
22739080,BALSAS II,0
22740000,FAZENDA PORTEIRA,0
22740900,APARECIDA DO RIO NEGRO,0
22741000,RIO BALSAS,1
22750000,RIO DAS BALSAS,0
22751000,RIO SONO APARECIDA DO RIO NEGRO,1
22850000,DOIS IRMÃOS,0
22850100,RIO PERDIDA,1
22900000,PORTO REAL,1
22910000,UHE ESTREITO RIO DO SONO 1,1
22911000,RIO SONO,0
22912000,BOM JESUS DO TOCANTINS,0
23090000,TUPIRAMA,0
23099000,ITAPIRATINS,0
23100000,TUPIRATINS,1
23100100,UHE ESTREITO MONTANTE 2,1
23110000,COLMÉIA,0
23120000,ITAPORÃ,0
23130000,PRÓXIMO COLINAS DE TOCANTINS,0
23150000,ITACAJA,0
23150010,MANUEL ALVES PEQUENO - ITACAJÁ,1
23150100,UHE ESTREITO RIO MANOEL ALVES PEQUENO,1
23150500,ITACAJÁ,0
23160000,ALTOS LINDOS,0
23180000,RIO TOCANTINS (Barra do Ouro),0
23200000,PEDRA CHOROSA,0
23220000,CACHOEIRA MONTE LINDO,0
23220001,CAMPOS LINDOS,0
23230000,JACARÉ,0
23230900,GOIATINS,0
23249000,UHE ESTREITO RIO MANOEL ALVES GRANDE,1
23250000,GOIATINS,1
23250001,GOIATINS,0
23251000,RIO ITAPECURU,0
23260000,FOZ MANOEL ALVES,0
23298080,CAROLINA,0
23300000,CAROLINA,0
23310000,UHE ESTREITO MONTANTE 1,1
23460000,CACHOEIRA DA USINA,0
23460080,PCH INV FARINHA,0
23461000,FAZENDA BOQUEIRÃO,0
23462000,PONTE BR-230,0
23465000,CACHOEIRA DA PRATA,0
23466000,UHE ESTREITO RIO FARINHA,1
23468000,FAZENDA RIO FARINHA,0
23470900,AGUIANÓPOLIS,0
23480000,ESTREITO,0
23490000,UHE ESTREITO BARRAMENTO,1
23495000,UHE ESTREITO JUSANTE,1
23598000,TOCANTINÓPOLIS,0
23600000,TOCANTINÓPOLIS,0
23610000,RIO ITAUEIRAS,0
23620000,FAZENDA PALMEIRINHA,0
23650000,LAJEADO NOVO,0
23700000,DESCARRETO,1
23700001,TOCANTINÓPOLIS,0
23710000,ITAGUATINS,0
23710100,PALMEIRANTE,0
23710500,FAZENDA LAJINHA,0
23710501,FAZENDA LAJINHA - SEC.02 (BR.DIR),0
23710502,FAZENDA LAJINHA - SEC. 02 (BR.ESQ),0
23710600,BARRA DO OURO,0
23718000,BABAÇULÂNDIA,0
23718020,PRIA NORTE,0
23720000,SÍTIO SOTURNO,0
23790000,UHE TUCURUÍ MONTANTE 2,1
23800000,IMPERATRIZ,0
23800495,RIO TOCANTINS - SÃO SEBASTIÃO DO TO,1
23800500,SÃO SEBASTIÃO DO TOCANTINS,0
23963000,ABEL  FIGUEIREDO,0
24030000,SANTA RITA DO ARAGUAIA,0
24035000,PCH ALTO ARAGUAIA MONTANTE 2,1
24049000,RIO ARAGUAIA (Alto Araguaia),0
24050000,ALTO ARAGUAIA,0
24050001,ALTO ARAGUAIA,0
24051000,PCH ALTO ARAGUAIA MONTANTE 1,1
24055000,PCH ALTO ARAGUAIA JUSANTE,1
24060000,FAZENDA BARRO PRETO,0
24070000,MONTANTE DO RIBEIRÃO BABILÔNIA,0
24080000,FAZENDA BABILÔNIA,0
24090000,FAZENDA VALE DO ARAGUAIA,0
24100000,CACHOEIRA GRANDE,0
24105081,COUTO MAGALHÃES - JUSANTE,0
24150000,ARAGUAINHA,0
24165000,CASCALHO,0
24178000,AREIA BRANCA,0
24179090,PCH SÃO DOMINGOS MONTANTE 2,1
24180000,BARRA DO PEIXE,0
24180050,PCH SÃO DOMINGOS MONTANTE 1,1
24180070,PCH SÃO DOMINGOS BARRAMENTO,1
24180080,PCH SÃO DOMINGOS JUSANTE,1
24180100,ESTREITO,0
24180200,BICO DE PEDRA,0
24180300,PEDRA DA COBRA,0
24180400,PAU BRANCO,0
24180500,CANAL DE FUGA BARRA DO PEIXE,0
24190000,FAZENDA CACHOEIRA ALTA,0
24196000,RIO DO PEIXE,0
24200000,TORIXOREU,0
24210100,CGH DIAMANTINO JUSANTE,1
24440000,PCH ALTO GARÇAS,0
24441000,ALTO GARÇAS,0
24441100,PONTE DO MEIO,0
24441200,PONTE DE BAIXO,0
24441300,RIBEIRÃO DA ONÇA,0
24441400,RIBEIRÃO ÁGUA SUJA,0
24442000,ALTO GARÇAS JUSANTE,0
24449000,PONTE MT 270 RIO DAS GARÇAS,0
24449100,PONTE MT 110 RIO BANDEIRA,0
24449200,TESOURO,0
24450000,ALCANTILADO,0
24450500,PCH CHICO FRANCA JUSANTE,0
24451000,GUIRATINGA,0
24452000,TESOURO,0
24453000,CASSUNUNGA,0
24500000,TESOURO,1
24510000,BATOVI,0
24511000,BIOMBO,0
24511500,PCH ESPERANÇA JUSANTE,0
24512000,MORRO DE MESA,0
24600000,BATOVI,0
24649000,GENERAL CARNEIRO,0
24650000,GENERAL CARNEIRO,0
24651000,BARRA DO GARÇAS,0
24652000,MONTANTE BARRA DO GARÇAS,0
24653000,RIO DAS GARÇAS,0
24653500,RIO GARÇAS – PONTE NOVA,0
24654000,BARRA DO GARÇAS,0
24700000,BARRA DO GARÇAS,1
24700040,ARAGARÇAS - HOTEL TOURIÁ,0
24710000,SÍTIO ADRIANA,1
24720000,PCH TAMBORIL MONTANTE 2,1
24725000,PCH TAMBORIL MONTANTE 1,1
24730000,PCH TAMBORIL BARRAMENTO,1
24730001,GO-471,0
24735000,PCH TAMBORIL JUSANTE,1
24735080,PCH RÊNIC BARRAMENTO,1
24735100,PCH RÊNIC JUSANTE,1
24743000,PCH SANTO ANTÔNIO DO CAIAPÓ MONTANTE 2,1
24743300,GO-221,0
24744000,PCH SANTO ANTÔNIO DO CAIAPÓ MONTANTE 1,1
24744900,PCH SANTO ANTÔNIO DO CAIAPÓ BARRAMENTO,1
24744920,PCH SANTO ANTÔNIO DO CAIAPÓ JUSANTE,1
24745000,PCH MOSQUITÃO MONTANTE 2,1
24747000,PCH MOSQUITÃO MONTANTE 1,1
24748000,PCH MOSQUITÃO BARRAMENTO,1
24748700,PCH MOSQUITÃO JUSANTE,1
24750000,SÃO FERREIRA,0
24750001,GO-174,0
24760000,PCH PIRANHAS MONTANTE,1
24765000,PCH PIRANHAS RIO AREIA,0
24768000,PCH PIRANHAS BARRAMENTO,1
24770000,PCH PIRANHAS JUSANTE,1
24780000,PIRANHAS,0
24800000,PERES,1
24800001,BR-070,0
24848080,BARRA DO CAIAPÓ,0
24850000,ARAGUAIANA,1
24850001,ARAGUAIANA,0
24850040,IPORÁ GO-174,0
24900000,IVOLÂNDIA,0
24900001,GO-320 SAÍDA DA GO-060,0
24934000,SÃO LUÍS DE MONTES BELOS,0
24934010,CÓRREGO DO OURO,0
24934100,GO-060,0
24934140,FAZENDA NOVA GO-418,0
24950000,MONTES CLAROS DE GOIÁS,1
24950001,PRÓXIMO A BR-070,0
25070000,FAZENDA PARAÍSO,0
25080000,CHAÁCARA CÓRREGO FUNDO,0
25080900,GO-614,0
25090000,FAZENDA PACIÊNCIA,1
25090500,LARGO DA CARIOCA,0
25091000,CENTRO HOSPITAL,0
25091100,MERCADO MUNICIPAL,0
25091500,PONTE IFG,0
25100000,BALNEÁRIO CACHOEIRA GRANDE,1
25120000,COLÔNIA DOS ALEMÃES,0
25120001,"BR-070 - DISTRITO DE UVA,  PONTO DE MEDIÇÃO ANA",0
25130000,TRAVESSÃO,1
25130010,BR-070 - PONTE NA GO-070 DE ITAPIRAPUÃ,0
25131000,ESTAÇÃO MARIA HELENA MONTANTE (PIVÔ 07),0
25131100,ESTAÇÃO MARIA HELENA JUSANTE (PIVÔ 10),0
25140000,FAZENDA ÁGUA LIMPA,0
25140001,BRITÂNIA,0
25180000,TRAVESSÃO DE ARUANÃ,0
25200000,ARUANÃ,1
25300000,GO-449,0
25305000,BR-251/ GO-530,0
25490000,GO-347,0
25500000,PONTE RIO TESOURAS,0
25600000,HOTEL DAS CANGAS,0
25650000,TRAVESSÃO RIUNE,0
25700000,BANDEIRANTES,1
25700002,BANDEIRANTES,0
25750000,RIO CRIXAS-AÇU,0
25795000,GO-164,0
25800000,JUSANTE DO RIO PINTADO,0
25840000,GO-164/GO-336,0
25850000,PASSAGEM RIO CRIXAS,0
25950000,LUIZ ALVES,0
25960000,COL.RECRE.BARREIRA DO BENVINDO,0
26010000,FAZENDA MIRINDIBA,0
26013000,COCALINHO,0
26015000,JUSANTE  BARRA DO FORQUILHA,0
26020000,FAZENDA PRESIDENTE,0
26030000,FAZENDA TELESFORO,0
26032000,CAMPO VERDE,0
26033000,CAMPO VERDE,0
26033500,CAMPO VERDE,0
26033600,PCH PRIMAVERA MONTANTE 2,1
26033650,CGH GALHEIROS BARRAMENTO,1
26033655,CGH GALHEIROS JUSANTE,1
26033700,PCH PRIMAVERA MONTANTE 1,1
26033750,PCH PRIMAVERA BARRAMENTO,1
26033800,PCH PRIMAVERA JUSANTE,1
26033900,ÁGUAS CLARAS,1
26034000,PRIMAVERA DO LESTE,0
26034500,PONTE NA MT-130,0
26034600,FAZENDA SUSPIRO III,1
26034700,CGH SUSPIRO JUSANTE,1
26035000,RIO DAS MORTES (Ponte MT-13),0
26040000,RIO DAS MORTES,0
26040700,PRIMAVERA DO LESTE,0
26040800,PRIMAVERA DO LESTE,0
26041000,BALSA DO JAPONÊS,0
26045000,PRESIDENTE MURTINHO,0
26050000,TORIQUEJE,0
26050001,BARRA DO GARÇAS,0
26051000,CACHOEIRA DA FUMAÇA,0
26053000,SALTO BELO,0
26053100,PCH SALTO BELO BARRAMENTO,1
26053110,PCH SALTO BELO JUSANTE,1
26053120,CGH DONA ASSUNTA MONTANTE,1
26053130,PCH ÁGUA SUJA BARRAMENTO,0
26053200,PCH NOIDORE BARRAMENTO,0
26054000,PCH SALTO BELO NOIDORE JUSANTE,1
26055000,FAZENDA ESPERANÇA,0
26056000,NOVA XAVANTINA,0
26057000,CHÁCARA BOA VISTA,0
26060000,MONTANTE DA FOZ - 200 Mts.,0
26070000,FAZENDA SÃO JOÃO,1
26100000,XAVANTINA,1
26130000,FAZENDA RIO CORRENTES,1
26150000,RIO PINDAÍBA,1
26200000,TRECHO MÉDIO,0
26200001,BARRA DO GARÇAS,0
26220010,ARAGUAÇU,0
26290000,RIO DAS MORTES (Novo Santo Antônio),0
26300000,SANTO ANTÔNIO DO LEVERGER,0
26300001,NOVO SANTO ANTÔNIO,0
26310000,FAZENDA RANCHO ALTO,1
26350000,SÃO FÉLIX DO ARAGUAIA,1
26350001,SÃO FÉLIX DO ARAGUAIA,0
26400000,LUCIARA,0
26500000,PORTO ALEGRE DO NORTE,1
26600000,PORTO VELHO,0
26650000,FAZENDA BOA VISTA,0
26660000,ALDEIA TAPIRAPES,0
26700000,JUSANTE CRISOSTOMO,0
26710000,BARREIRA DO PEQUI,1
26710001,SANDOLÂNDIA,0
26711000,FAZENDA COBRAPE,1
26711001,FORMOSO DO ARAGUAIA,0
26713000,FAZENDA DOIS RIOS,1
26715000,ARAGUAÇU,0
26717000,SANDOLÂNDIA,0
26720000,PRAIA ALTA,0
26720001,PRAIA ALTA,1
26721000,DORILÂNDIA,1
26724000,FORMOSO DO ARAGUAIA,0
26725000,FORMOSO DO ARAGUAIA,0
26730000,PROJETO RIO FORMOSO,1
26750000,PROJETO RIO FORMOSO,0
26751000,JUSANTE PROJETO RIO FORMOSO,1
26770000,RIO TABOCA,0
26790000,PONTE RIO DUERÉ,0
26792000,FOZ RIO DUERÉ,1
26793000,LAGOA DA CONFUSÃO,0
26795000,RIO URUBU,0
26795100,RIO URUBU FAZENDA SÃO BENTO,1
26795110,MONTANTE PONTE RIO PIUM,1
26795120,PONTE DO RIO PIUM,1
26795140,JUSANTE PONTE RIO PIUM,1
26795200,EIXO PONTE RIO URUBU,1
26795500,LAGOA DA CONFUSÃO,0
26795700,RIO URUBU FAZENDA FORTALEZA,1
26795800,PONTE RIO XAVANTE,1
26795900,DUERÉ,0
26796000,FOZ RIO XAVANTE,1
26797000,DUERÉ,0
26798000,RIO FORMOSO,1
26798100,RIO FORMOSO LOROTI,1
26798400,MONTANTE EIXO DOIS RIOS,1
26798405,JUSANTE EIXO DOIS RIOS,1
26798500,JUSANTE EIXO TARTARUGA RIO URUBU,1
26798590,MONTANTE EIXO TERRA NEGRA,1
26798600,JUSANTE EIXO TERRA NEGRA,1
26798800,MONTANTE EIXO ILHA VERDE,1
26798805,JUSANTE EIXO ILHA VERDE,1
26799000,FOZ RIO FORMOSO,1
26800000,BARREIRA DA CRUZ,1
26800001,PIUM,0
26800005,FORMOSO DO ARAGUAIA,0
26800010,PIUM,0
26810000,CRISTALÂNDIA,0
26840000,PONTE RIO RIOZINHO,1
27030000,FAZENDA SÃO JUDAS TADEU,0
27050000,BARREIRA DO CAMPO,0
27060000,RIO MARIA,0
27060100,SANTANA DO ARAGUAI 1,0
27060140,SANTANA DO ARAGUAIA 2,0
27060150,SANTANA DO ARAGUAIA 3,0
27060160,SANTANA DO ARAGUAIA 4,0
27080000,MARIANÓPOLIS DO TOCANTINS,0
27100000,CASEARA,0
27110000,RIO DO COCO,1
27120000,CASEARA,0
27150000,CASEARA,0
27200000,CASEARA EIXO 650,0
27200010,SANTANA DO ARAGUAIA 5,0
27250010,SANTA MARIA DAS BARREIRAS 1,0
27300000,RIO CAIAPÓ,0
27300900,RIO CAIAPÓ - FAZ GRUPO AGROPAULO,1
27300920,ARAGUACEMA,0
27310000,DIVINÓPOLIS,0
27320000,ARAGUACEMA (CHACARA ARAGUAIA),1
27320001,ARAGUACEMA,0
27370000,FAZENDA CRAVEIRO,0
27380000,PONTE RIO PIRANHAS,0
27380001,DOIS IRMÃOS DO TOCANTINS,0
27380120,RIO PIRANHAS - DOIS IRMÃOS - TO,1
27400000,RIO BANANAL - GOIANORTE,1
27450000,FAZENDA SÃO JOSÉ,0
27460000,ARAGUACEMA,0
27490000,UHE TUCURUÍ RIO ARAGUAIA  2,1
27500000,CONCEIÇÃO DO ARAGUAIA,1
27500001,COUTO DE MAGALHÃES,0
27501000,VILA BELA VISTA,0
27511200,CIDADE DE RIO MARIA,0
27528000,ORLA DE CONCEIÇAÕ DO ARAGUAIA,0
27529000,CONCEIÇÃO DO ARAGUAIA,0
27529040,SANTA MARIA DAS BARREIRAS 2,0
27529100,SANTA MARIA DAS BARREIRAS 3,0
27530000,BERNARDO SAYÃO,1
27530010,BERNADO SAYÃO,0
27530300,CONCEIÇÃO DO ARAGUAIA,0
27530900,REDENÇÃO 1,0
27530940,REDENÇÃO 2,0
27540000,CHÁCARA VILA RICA,0
27548000,ARAPOEMA,0
27550000,ARAPOEMA,1
27550001,ARAPOEMA,0
27587500,FLORESTA DO ARAGUAIA,0
27588000,CONCEIÇÃO DO ARAGUAIA,0
27589000,CONCEIÇÃO DO ARAGUAIA,0
27589100,VILA GORGULHO,0
27589200,PONTE DO RIO SALOBRO,0
27589240,FLORESTA DO ARAGUAIA,0
27600000,PAU DARCO,0
27600001,PAU D'ARCO,0
27600010,PONTE RIO BARREIRAS,1
27660000,RIO MARIA,0
27660001,RIO MARIA,0
27670000,FLORESTA DO ARAGUAIA,0
27811100,PONTE DO RIO MARIÃO,0
27871000,PONTE DO RIO ARRAIAS,0
28000000,SAPUCAIA,0
28099990,XINGUARA,0
28100000,PONTÃO,0
28101000,VILA PONTÃO,0
28121000,PONTE DE SAPUCAIA,0
28150000,MURICILÂNDIA,0
28150010,MURICILÂNDIA,0
28150040,MURICILÂNDIA,1
28180000,CGH LAGEADO RIBEIRÃO LONTRA,1
28190070,CGH CORUJÃO BARRAMENTO,0
28190080,CGH LAJES CORUJÃO JUSANTE,1
28200000,PONTE RIO LONTRA,1
28200001,ARAGUAÍNA,0
28240000,PIRAQUÊ,0
28270000,ARAGUANÃ,0
28280000,ARAGUANÃ,1
28300000,XAMBIOÁ,1
28300001,XAMBIOÁ,0
28300040,ORLA DE SAGA,0
28300100,UHE TUCURUÍ RIO ARAGUAIA  1,1
28300500,SÃO GERALDO DO ARAGUAIA,0
28308000,CGH LAJES MONTANTE,1
28310070,CGH LAJES BARRAMENTO,1
28310080,CGH LAJES JUSANTE,1
28315000,CARMOLÂNDIA,0
28318000,RIO CORDA RIACHINHO,1
28319000,RIACHINHO,0
28320000,PONTE RIO CORDA,0
28321000,XAMBIOÁ,1
28339999,SÃO GERALDO DO ARAGUAIA,0
28340000,REMANSO DOS BOTOS,0
28350000,SÃO GERALDO,0
28360000,XAMBIOÁ,0
28380000,RIACHINHO (Povoado Centro dos Borges),0
28420000,RIACHINHO,0
28470000,ARAGUANÃ,0
28500000,FAZENDA SANTA LUCIANA,0
28510000,FAZENDA JACARÉZINHO,0
28544080,UHE SANTA ISABEL (SI-7),0
28760010,BREJO GRANDE DO ARAGUAI,0
28840000,MONTANTE DO RIO RONCA,0
28840009,RIO PIRANHAS SÃO BENTO TO,1
28840010,SÃO BENTO DO TOCANTINS,0
28844995,RIO SÃO MARTINHO,1
28845000,SÃO MARTINHO,0
28850000,ARAGUATINS,1
28850001,ARAGUATINS,0
29020000,FAZENDA CAIÇARA,0
29030000,FAZENDA SÃO TOMÉ,0
29035000,SÃO JOÃO DO ARAGUAIA 1,0
29040000,UHE TUCURUÍ MONTANTE 1,1
29041000,SÃO JOÃO DO ARAGUAIA 2,0
29050000,MARABÁ,1
29050100,MARABÁ (Tocantins),0
29052000,ONÇA PUMA,0
29060000,BARRA DO CINZENTO,0
29061000,ACAMPAMENTO CALDEIRÃO,0
29061900,PARAUAPEBAS (ITACAIÚNAS),0
29062000,SALOBO,0
29063500,FAZENDA ABADIA,0
29065000,JACARÉ,0
29070000,FAZENDA ANGICAL,0
29070050,SOSSEGO,0
29070060,CANAÃ DOS CARAJÁS,0
29070090,PARAUAPEBAS,0
29070100,PARAUAPEBAS,1
29070110,PARAUAPEBAS,0
29070200,PARAUAPEBAS,0
29070220,PARAUAPEBAS,0
29071000,GELADO,0
29071050,ELDORADO DOS CARAJÁS,0
29071100,ELDORADO,0
29080000,FAZENDA RIO BRANCO,0
29090000,PARAUAPEBAS,0
29100000,FAZENDA ALEGRIA,1
29110000,UHE TUCURUÍ RIO ITACAIÚNAS,1
29120000,MARABÁ (Itacaunas),0
29130000,CABANA DO SOL,1
29195000,ITUPIRANGA 1,0
29200000,ITUPIRANGA,1
29209000,COMUNIDADE TAURI,1
29210000,ITUPIRANGA 2,0
29340000,XINGUARA,0
29340900,ELDORADO DOS CARAJÁS,0
29340950,CURIONÓPOLIS,0
29341000,PONTE DO RIO VERMELHO,0
29350000,IPIXUNA,0
29355000,ITUPIRANGA (Cajazeiras),0
29359000,VOLTA REDONDA,1
29360000,LAGO DA UHE TUCURUÍ 1,0
29360100,ELDORADO DOS CARAJÁS (SORORÓ),0
29361040,BOM JESUS DO TOCANTINS,0
29362000,ELDORADO DOS CARAJÁS (SOROROZINHO),0
29370000,LAGO DA UHE TUCURUÍ 2,0
29372000,LAGO DA UHE TUCURUÍ 3,0
29380000,NOVO REPARTIMENTO (Pucuruí),0
29385000,NOVO REPARTIMENTO (Gabu),0
29390000,LAGO DA UHE TUCURUÍ 4,0
29500000,JATOBAL,0
29530000,LAGO DA UHE TUCURUÍ 5,0
29540000,LAGO DA UHE TUCURUÍ 6,0
29650000,FAZENDA IPITINGA,0
29680080,UHE TUCURUÍ BARRAMENTO,1
29680090,UHE TUCURUÍ JUSANTE,1
29690000,TUCURUÍ - 7 KM A MONTANTE,0
29691000,BREU BRANCO (Tocantins),0
29700000,TUCURUÍ,0
29710000,PEDERNEIRAS,0
29720000,MURU,0
29744900,NOVA JUTAÍ,1
29745000,BAIÃO,0
29745020,ITUQUARA,1
29745050,MOCAJUBA,1
29745100,VILA DO CARMO,1
29745150,CAMETÁ,1
29750000,NAZARÉ DOS PATOS,0
29760000,JUTAÍ DE BAIXO,0
29770000,ITUQUARA,0
29775000,JOANA PERES,0
29780000,CALADO,0
29785000,UMARIZAL,0
29800000,BAIÃO,0
29810000,MOJUTAPERA,0
29820000,SÃO BENEDITO DO VISEU,0
29830000,MOCAJUBA,0
29840000,MOCAJUBA 1,0
29900000,CIDADE DE CAMETA,0
29901000,CAMETÁ,0
29950000,LIMOEIRO DO AJURU,0
30010000,CAMOPI,0
30050000,ESTIRÃO DO CRICOU,1
30054000,PORTO PESQUEIRO DA ORLA DE OIAPOQUE,0
30055000,PONTE CASSIPORE,1
30055001,PONTE DO RIO CACIPORÉ,0
30058000,COOPERATIVA 1. BRAÇO,0
30060000,RETIRO SANTA ISABEL,0
30070000,CUNANI,0
30070001,PONTE NO DISTRITO DO CARNOT,0
30071000,CALÇOENE,0
30072000,CALAFATE,0
30072100,CALÇOENE,0
30072140,CAPTAÇÃO DO ABASTECIMENTO DE CALÇOENE,0
30072150,CALÇOENE,1
30074000,TARTARUGAL GRANDE,0
30075000,TARTARUGAL GRANDE,1
30076000,TARTARUGALZINHO,0
30076050,CAPTAÇÃO DO ABASTECIMENTO DE TARTARUGALZINHO,0
30080000,CAPIVARA,1
30100000,RAMOS,0
30150080,PORTO DA SERRA,0
30189000,UHE CACHOEIRA CALDEIRÃO MONTANTE 3,1
30190000,ESPÍRITO SANTO,0
30195000,BAMBU,0
30200000,LEÔNIDAS (BAMBU),0
30200050,UHE CACHOEIRA CALDEIRÃO MONTANTE 2,1
30300000,SERRA DO NAVIO,1
30300001,PONTE RIO AMAPARI DE ACESSO À SERRA DO NAVIO,0
30350080,ÁGUA BRANCA,0
30370000,UHE CACHOEIRA CALDEIRÃO RIO AMAPARI 3,1
30375000,PONTE RIO AMAPARI ÁREA URBANA DE PEDRA BRANCA,0
30380000,UHE CACHOEIRA CALDEIRÃO RIO AMAPARI 2,1
30380800,PONTE RIO AMAPARI ÁREA URBANA DE CUPIXI,0
30380900,UHE CACHOEIRA CALDEIRÃO RIO AMAPARI 1,1
30390900,UHE CACHOEIRA CALDEIRÃO MONTANTE 1 DESATIVADA,0
30400000,PORTO PLATON,0
30400040,UHE CACHOEIRA CALDEIRÃO MONTANTE 1,1
30400050,UHE CACHOEIRA CALDEIRÃO RESERVATÓRIO,0
30400055,TRAPICHE DA ORLA DE PORTO GRANDE,0
30400070,UHE CACHOEIRA CALDEIRÃO BARRAMENTO,1
30400074,UHE COARACY NUNES RESERVATÓRIO 2,0
30400076,UHE COARACY NUNES RESERVATÓRIO 1,0
30400080,UHE COARACY NUNES BARRAMENTO,1
30400090,UHE COARACY NUNES JUSANTE,0
30497000,UHE FERREIRA GOMES RESERVATÓRIO 1,0
30498000,UHE FERREIRA GOMES RESERVATÓRIO 2,0
30500080,UHE FERREIRA GOMES,0
30510000,UHE FERREIRA GOMES BARRAMENTO,0
30511000,UHE FERREIRA GOMES JUSANTE,1
30511110,CAPTAÇÃO DO ABASTECIMENTO DE FERREIRA GOMES,0
31010000,RONDON DO PARÁ,0
31011000,GOIANÉSIA DO PARÁ (SURUBIJU),0
31016000,GOIANÉSIA DO PARÁ (MOJU),0
31017000,GOIANÉSIA DO PARÁ,0
31018000,BREU BRANCO (Mojuzinho),0
31020000,CACHOEIRA TRACAMBEUA,0
31021000,BREU BRANCO (Moju),0
31021100,TAILÂNDIA (MOJU),0
31021200,TAILÂNDIA,0
31023000,MOJU 1,0
31025000,MOJU 2,0
31025500,TAILANDIA 1,0
31026000,TAILANDIA 2,0
31030000,FAZENDA URUCURE,0
31034000,TOMÉ-AÇU 1,0
31035000,TOMÉ-AÇU,0
31035100,TOMÉ-AÇU,0
31039000,ACARÁ 2,0
31040000,ACARÁ,0
31041000,ACARÁ 1,0
31050000,ACAMPAMENTO JABOTÍ,0
31060000,GOIANÉSIA DO PARÁ (SURUBIJU),0
31100000,REPARTIMENTO,0
31200000,RATO,0
31300000,TRAPICHE,0
31400000,GUAMA,0
31409000,CAPITÃO POÇO,0
31410000,SÃO PEDRO (Aldéia indigena),0
31410900,SANTA LUZIA DO PARÁ,0
31490000,VILA CAPOEIRA,0
31500000,CACHOEIRINHA,0
31520000,BOM JARDIM,0
31530000,OURÉM 1,0
31550000,OUREM,0
31600000,MARAMBAIA,0
31625000,GOIANÉSIA DO PARÁ 1,0
31626000,GOIANÊSIA DO PARÁ 2,0
31630000,OUREM,0
31638000,CONCORDIA DO PARÁ,0
31640000,BUJARU,0
31641000,INHANGAPI,0
31642000,SANTA ISABEL DO PARÁ,0
31645000,CAPTAÇÃO D'ÁGUA DA COSANPA,1
31645001,BELÉM 1,0
31646000,BELÉM 2,0
31647000,BELÉM 3,0
31650000,TAUIRI,0
31651000,GOIANÉSIA DO PARÁ (ARURANDEUA),0
31660000,PARAGOMINAS (CAPIM),0
31678000,PARAGOMINAS,0
31680000,FAZENDA MARINGA,1
31690000,IPIXUNA DO PARÁ,0
31700000,BADAJÓS,1
31700100,AURORA DO PARÁ,0
31720000,AURORA DO PARÁ,0
31750000,ABAETETUBA 1,0
31760000,ABAETETUBA 2,0
31770000,BARCARENA 1,0
31775000,BARCARENA 2,0
31800000,BOA VISTA,0
31810000,MACAPAZINHO,0
31850000,PORTO DE MINAS,0
32100000,BENEVIDES,0
32120000,MAGALHAES BARATA,0
32155001,MÉDIO RIO QUATIPURU VILA DOS CUNHAS,0
32155002,BAIXO RIO QUATIPURU,0
32200000,PEIXE-BOI,0
32210000,MARACANÃ,0
32261000,LAGO VERDE,0
32280000,PARAGOMINAS,0
32290000,ULIANÓPOLIS,0
32300000,ARRAIAL,0
32320000,TENTUGAL,0
32350000,NOVA MOCAJUBA,0
32370000,BRAGANÇA,0
32390000,AUGUSTO CORREA,0
32400000,SETE ILHAS,0
32400001,VISEU,0
32420000,JAPIIM,0
32450000,TARARUA,0
32450002,TARARUÁ - PONTE,0
32450003,CACHOEIRA DO PIRIÁ,0
32540000,FAZENDA RURAL ZEBU,1
32545000,PARAGOMINAS 1,0
32549000,PARAGOMINAS 2,0
32550000,CAFEZAL,1
32550001,CAFEZAL,0
32555000,TEKOHAW  (Aldeia indigena),0
32560000,CANINDÉ,0
32580000,CANINDÉ,0
32600000,CAMIRANGA,0
32620000,ALTO BONITO,1
32620001,ALTO BONITO,0
32620100,VISEU (GURUPI),0
32700000,SALINÓPOLIS,0
32740000,MARACACUME,0
32830000,ALTO TURI,0
32850000,BR-316 / RIO PARUÁ,0
32900000,PINHEIRO,0
32950000,ILHA DO PAU,0
33025000,VALE DO PINDARÉ,0
33050000,PONTE BR-222,0
33070000,FAZENDA VARIG,0
33075000,PONTE BR-222,0
33076000,ALTO ALEGRE DO PINDARÉ,0
33077000,ALTO ALEGRE DO PINDARÉ,0
33079000,ALTO ALEGRE DO PINDARÉ,0
33080000,ALTO ALEGRE,0
33080001,ALTO ALEGRE DO PINDARÉ,0
33090000,CAJARI RIO PINDARÉ-MIRIM,0
33095000,FAZENDA SANTA JÚLIA,0
33160000,ARAME,0
33161000,TUFILÂNDIA,0
33170000,ESPERANTINA,0
33170900,BOM JARDIM,0
33180000,PIMENTEL,0
33180001,BOM JARDIM,0
33190000,PINDARÉ-MIRIM,0
33190010,PINDARÉ-MIRIM,0
33195000,PINDARÉ-MIRIM,0
33196000,MONÇÃO,0
33198000,MONÇÃO,0
33198900,CAJARI,0
33198990,CAJARI,0
33200010,LIMA CAMPOS,0
33205000,FAZENDA REMANSO,0
33206000,VITÓRIA DO MEARIM,0
33207000,OSÓRIO,0
33212000,PAPAGAIO,0
33214000,SÃO CARLOS,0
33215000,RIO CORDA II,0
33220000,RIO CORDA,0
33221000,PASSAGEM RASA,0
33222000,FAZENDA OURIVES,0
33250000,BARRA DO CORDA,1
33260000,SANTA VITÓRIA,0
33260010,SANTA VITÓRIA,1
33261000,IGARAPÉ GRANDE,0
33261080,RIO PIXUNA-AÇU,0
33269100,IGARAPÉ DO MEIO,0
33270000,FLORES,0
33270900,PEDREIRAS,0
33270950,TUNTUN,0
33271000,AÇUDE FLORES,0
33272000,RUFINO,0
33273000,JOSELÂNDIA,0
33273010,JOSELÂNDIA,1
33280000,PEDREIRAS,0
33281000,PEDREIRAS II,1
33285000,JOSELÂNDIA,0
33286000,SÃO LUIZ GONZAGA,1
33286010,SÃO LUÍS GONZAGA DO MARANHÃO,0
33290000,BACABAL,1
33290001,BACABAL,0
33291000,RIO MEARIM,0
33295000,LAJES DO CURRAL,0
33295050,SÃO MATEUS DO MARANHÃO,0
33300000,BAMBU BR-316,0
33300001,BACABAL,0
33320000,GRAJAU,0
33321000,GRAJAU II,1
33330000,FORTALEZA,0
33333000,ITAIPAVA DO GRAJAÚ,0
33340000,GADO BRAVO,0
33360000,MADAIL,0
33361000,PAULO RAMOS,0
33361100,VITORINO FREIRE,0
33365000,FAZENDA SABESA,0
33365010,PAULO RAMOS,0
33365500,BALNEÁRIO GALO DURO,0
33365990,VITORINO FREIRE,0
33370000,SÃO JOÃO DO GRAJAU,0
33371000,VITORINO FREIRE,0
33380000,ARATOÍ GRANDE,0
33380010,ARATOÍ GRANDE,1
33390000,ARARI,0
33395000,SÃO LUÍS,0
33400300,SÃO LUÍS,0
33400500,SÃO LUÍS,0
33401000,SÃO LUÍS,0
33402000,SÃO LUÍS,0
33402500,SÃO LUÍS,0
33403000,PAÇO DO LUMIAR,0
33404000,PAÇO DO LUMIAR,0
33405000,SÃO LUÍS,0
33406000,SÃO LUÍS,0
33410000,SÃO FELINHO,0
33420000,MIRADOR,1
33430000,FERNANDO FALCÃO,0
33450000,CAMPO LARGO,0
33460000,PORTO DO LOPES,0
33480000,COLINAS,1
33482000,PICOS,0
33610000,GONÇALVES DIAS,0
33630000,COROATÁ,1
33630010,COROATÁ (RIO ITAPECURU),0
33630500,ALTO ALEGRE DO MARANHÃO,0
33631000,SÃO MATEUS,0
33631001,SÃO MATEUS DO MARANHÃO,0
33638000,PEDRAS,0
33640000,PIRAPEMAS,0
33660000,PIRITORÓ,0
33661000,PERITORÓ II,0
33661005,PERITORÓ II,0
33661010,PIRAPEMAS (RIO PIRITORÓ),0
33661020,RIO PIRITORÓ,0
33661030,PIRAPEMAS (IGARAPÉ COMPANHIA),0
33680000,CANTANHEDE,1
33680001,CANTANHEDE,0
33685000,ITAPECURU MIRIM,0
33690000,ITAPECURU MIRIM,0
33690100,ITAPECURU-MIRIM,1
33693000,SANTA RITA,0
33698000,ROSÁRIO,0
33698050,ROSÁRIO,0
33720010,ARARI,0
33765001,NINA RODRIGUES,0
33780000,NINA RODRIGUES,0
33780001,NINA RODRIGUES,0
33781000,PRESIDENTE JUCELINO,0
33782000,PRESIDENTE JUSCELINO,0
33783000,CACHOEIRA GRANDE,0
34001000,PORTO ALEGRE,0
34010000,FAZENDA UNIÃO,0
34020000,ALTO PARNAÍBA,1
34020980,UHE BOA ESPERANÇA (CASTELO BRANCO) MONTANTE 2,1
34030000,MEDONHO,0
34040000,FAZENDA PARACATI,0
34040500,FAZENDA PARACATI II,1
34070000,SÍTIO DO VELHO,1
34129980,UHE BOA ESPERANÇA (CASTELO BRANCO) BALSAS 2,1
34130000,BALSAS,1
34140000,MARAVILHA BR-230,0
34142000,BALSINHAS BR-324,0
34145000,NEVES BR-230,0
34150000,SAMBAÍBA,0
34160000,SAMBAÍBA,0
34160900,UHE BOA ESPERANÇA (CASTELO BRANCO) BALSAS 1,1
34170000,SÃO FÉLIX DE BALSAS,1
34190000,FAZENDA BELEZA,0
34201000,URUÇUÍ,0
34202000,BENEDITO LEITE,0
60472220,PIRIPIPAU NASCENTE,0
60561000,CAPTAÇÃO RIBEIRÃO SANTO ANTÔNIO - IPORÁ,0
60601000,CAPTAÇÃO - MONTANTE,0
62263000,ITAPIRAPUÃ,0
66003000,ALTO PARAGUAI,0
66003100,PONTE CENTRO,0
66004000,ALTO PARAGUAI,0
66005000,ALTO PARAGUAI,0
66005100,PCH ALTO PARAGUAI JUSANTE,1
66005400,CGH DIAMANTE MONTANTE 2,1
66005600,CGH DIAMANTE MONTANTE 1,1
66005800,CGH DIAMANTE BARRAMENTO,1
66005900,CGH DIAMANTE JUSANTE,1
66005950,PCH SANTANA I BARRAMENTO,1
66005960,PCH SANTANA I JUSANTE,1
66006000,NORTELÂNDIA,0
66006001,NORTELÂNDIA,0
66006011,NORTELÂNDIA,0
66007000,SÍTIO JAPUIRA,1
66008000,JAUQUARA,0
66008500,BARRA DO BUGRES - RIO BUGRES,1
66009000,BARRA DO BUGRES,0
66010000,BARRA DO BUGRES,1
66011000,BARRA DO BUGRES,0
66015000,PORTO ESTRELA,0
66015001,PORTO ESTRELA,0
66020000,TANGARÁ DA SERRA,0
66021000,CGH VERMELHO DO PARECIS MONTANTE,1
66022000,TANGARÁ DA SERRA,0
66022080,TANGARÁ - SEPOTUBA,1
66025000,PCH MARACANÃ BARRAMENTO,1
66025500,PCH MARACANÃ JUSANTE,1
66028000,PCH RIO DO SAPO MONTANTE 2,1
66028500,PCH RIO DO SAPO MONTANTE 1,1
66029000,PCH RIO DO SAPO BARRAMENTO,1
66029010,PCH RIO DO SAPO JUSANTE,1
66030000,FAZENDA SANTA AMÁLIA,0
66040000,CACHOEIRA,0
66050000,TAPIRAPUÃ,0
66050500,PCH JUBINHA III MONTANTE,0
66051000,UHE JUBA I MONTANTE,1
66051500,TOCO DE AROEIRA,0
66052080,UHE JUBA I BARRAMENTO,1
66052081,UHE JUBA II BARRAMENTO,1
66052100,PCH GRAÇA BRENNAND TOCO DO AROEIRA,1
66052500,UHE JUBA II JUSANTE,1
66052600,PCH GRAÇA BRENNAND BARRAMENTO,1
66052700,PCH TERRA SANTA,0
66052800,PCH PAMPEANA BARRAMENTO,1
66052900,PCH PAMPEANA JUSANTE,1
66053000,PCH ARCO IRIS,0
66053100,FAZENDA CAMARCAN,0
66053200,PCH GRAÇA BRENNAND JUSANTE,0
66054000,NOVA FERNANDÓPOLIS,0
66055000,SÃO JOSÉ DO SEPOTUBA,0
66056000,FAZENDA SANTA RITA DO SEPOTUBA,1
66057200,CGH CARAMUJO BARRAMENTO,0
66057250,CGH CARAMUJO JUSANTE,1
66060000,COLÔNIA RIO BRANCO,0
66064000,ESTRADA MT-125,1
66064500,RESERVA DO CABAÇAL,1
66065000,ESTRADA MT-125,0
66069000,CÁCERES,0
66069500,BRAÇO NA CIDADE DE CÁCERES,0
66070002,CÁCERES,0
66070004,CÁCERES (DNPVN),1
66070010,CÁCERES,0
66071000,SIMÃO NUNES,0
66071300,FAZENDA SALU,0
66071350,SALTO GRANDE,0
66071353,PCH ANTÔNIO BRENNAND MONTANTE 2,1
66071355,PCH ANTÔNIO BRENNAND MONTANTE 1,1
66071360,PCH ANTÔNIO BRENNAND BARRAMENTO,1
66071363,PCH ANTÔNIO BRENNAND JUSANTE,1
66071365,PCH OMBREIRAS MONTANTE 1 (Rio do Peixe),0
66071370,PCH OMBREIRAS MONTANTE 2 (Rio Corgão),0
66071375,PCH OMBREIRAS BARRAMENTO,1
66071380,PCH OMBREIRAS JUSANTE,1
66071382,UHE JAURU MONTANTE,1
66071384,UHE JAURU RESERVATÓRIO,0
66071385,UHE JAURU BARRAMENTO,1
66071390,PCH INDIAVAÍ BARRAMENTO,1
66071392,PCH INDIAVAÍ JUSANTE,0
66071395,PCH SALTO BARRAMENTO,0
66071397,PCH SALTO JUSANTE,1
66071398,PONTE MT 248 RIO JAURU,0
66071399,INDIAVAÍ,1
66071400,ÁGUA SUJA,0
66071450,PCH FIGUEIRÓPOLIS BARRAMENTO,1
66071470,PCH FIGUEIRÓPOLIS JUSANTE,1
66071490,PONTE MT 250 RIO JAURU,0
66071500,FAZENDA SANTA LIVIA,0
66071900,PORTO ESPERIDIÃO,0
66072000,PORTO ESPERIDIÃO,0
66072001,PORTO ESPERIDIÃO,0
66072002,PORTO ESPERIDIÃO,0
66072005,PORTO ESPERIDIÃO,1
66073000,ARAPUTANGA,1
66074000,JUSANTE DO SALTO,0
66076000,BAIA GRANDE,0
66077000,PORTO LIMÃO,0
66077100,CÁCERES,0
66077500,HOTEL BAIAZINHA,0
66078000,BARRANCO VERMELHO,0
66090000,DESCALVADOS,0
66100000,PONTE MT-060,0
66101000,PONTE PARQUE DE EXPOSIÇÃO - POCONÉ,0
66110000,PERTO DE POCONÉ,0
66110001,RIO BENTO GOMES - POCONÉ,0
66110010,POCONÉ - RIO BENTO GOMES,1
66120000,PORTO CONCEIÇÃO,1
66125000,BELA VISTA DO NORTE,1
66126000,PERTO DE BELA VISTA DO NORTE,0
66130001,FAZENDA ECOMIND,0
66131000,CÓRREGO QUEIMA-PÉ,0
66131050,RIO ARARÃO,0
66133000,PONTE MARZAGÃO,0
66140000,MARZAGÃO,0
66140100,BOM JARDIM,1
66150000,QUEBÓ GRANDE,0
66155000,QUEBÓ PEQUENO,0
66160000,QUEBÓ,0
66162000,UHE MANSO MONTANTE,1
66163000,PONTE DO RIO MANSO F1,0
66163020,FAZENDA SALTO GRANDE,0
66164000,MONTANTE FOZ RIO CASCA L2,0
66164008,RONCADOR,0
66164600,PCH CASCA II MONTANTE 3,1
66165000,PCH CASCA II MONTANTE 1,1
66165100,PCH CASCA II BARRAMENTO,0
66166000,POÇO DOS SEGREDOS - MONT T. DESV.,0
66166010,POÇO DOS SEGREDOS - JUS T. DESVIO,0
66166020,POÇO DA AREIA,0
66166030,POÇO DO PACU,0
66166040,CANAL DE FUGA USINA III,0
66170000,PONTE ALTA,0
66170100,PCH CASCA II MONTANTE 2,1
66170500,PCH CASCA III BARRAMENTO,1
66170600,PCH CASCA III JUSANTE,1
66171000,FAZENDA MUNDO NOVO,0
66171002,MUNDO NOVO,0
66171400,UHE MANSO RIO CASCA,1
66171500,UHE MANSO RIO RONCADOR,1
66172000,FAZENDA SERRINHA MAN-F9,0
66173000,PONTE DO RIO CASCA MAN-F2,0
66174000,UHE MANSO RIO QUILOMBO,1
66175000,PASSAGEM DO MAMÃO MAN-F3,0
66180000,BARRA DO RIBEIRÃO DA LAJE,0
66200000,MONTANTE DA BARRA,0
66201000,FAZENDA TAPERÃO MAN-F5,0
66201100,PCH SENADOR JONAS PINHEIRO BARRAMENTO,1
66201200,PCH SENADOR JONAS PINHEIRO JUSANTE,1
66201300,CGH MESTRE MONTANTE,1
66201350,CGH MESTRE BARRAMENTO,1
66201400,CGH SANTA CECÍLIA BARRAMENTO,1
66201500,CGH SANTA CECÍLIA JUSANTE,1
66202000,MONTANTE DA FOZ  L3,0
66203000,EIXO DA BARRAGEM,0
66203080,APM MANSO,0
66205000,JUSANTE FOZ RIO CASCA MAN - L5,0
66210000,UHE MANSO JUSANTE,1
66220000,PORTO DE CIMA L7,0
66222100,PCH BELEZA MONTANTE,1
66222400,PCH BELEZA BARRAMENTO,1
66223100,CGH GLICÉRIO ROCHA MONTANTE,1
66223620,RIO PACIÊNCIA-SALGADEIRA,0
66223700,BALNEÁRIO SOBERBO – RIO COXIPÓ AÇÚ,0
66223701,BALNEÁRIO SOBERBO - RIO COXIPÓ-AÇU,1
66231000,FAZENDA RAIZAMA (COIMBRA) - F6,0
66240000,PORTO DE CIMA,0
66240001,PORTO DE CIMA,0
66240060,UHE MANSO RESERVATÓRIO,0
66240080,UHE MANSO BARRAMENTO,1
66241000,GUARAÇAÍ,0
66243000,FAZENDA PESCARIA MAN - F12,0
66243001,JUSANTE DA FOZ  DO MANSO,0
66244000,RIO MANSO - MONT. DA FOZ,0
66244400,NOBRES,1
66245000,NOBRES,0
66245001,NOBRES,0
66250000,ROSÁRIO OESTE,0
66250001,ROSÁRIO OESTE,0
66250002,ROSÁRIO OESTE,0
66254000,JANGADA BR-364,0
66254001,JUSANTE DO RIO JANGADA,0
66254500,MONTANTE DE ACORIZAL,0
66255000,ACORIZAL,0
66255001,ACORIZAL,0
66255900,MINHOCAL,0
66256000,VIVEIRO TANGARÁ MAN - F11A,0
66256003,MONTANTE DO RIO JANGADA,0
66256004,JUSANTE DO RIO JANGADA,0
66256010,BR-364,0
66256015,RIO JANGADA,0
66256020,FOZ DO JANGADA,0
66258000,MONTANTE COXIPÓ DO OURO,0
66258003,COXIPÓ DO OURO,1
66259100,EST. BOMBEAMENTO CUIABÁ MAN - L10,0
66259200,PASSAGEM DA CONCEIÇÃO,0
66259210,RIBEIRÃO DO LIPA,0
66259211,RIBEIRÃO DO LIPA - FOZ,0
66259215,JUSANTE RIBEIRÃO LIPA,0
66259217,RIO COXIPÓ - PONTE AV. DAS TORRES,0
66259220,RIBEIRÃO GENERAL,0
66259300,EST. BOMB. VÁRZEA GRANDE MAN - L9,0
66259301,RIO CUIABÁ - JUSANTE CÓRREGO MANÉ PINTO,0
66259302,CÓRREGO MANOEL PINTO - FOZ,0
66259303,CÓRREGO PRAINHA - FOZ,0
66259304,CÓRREGO GAMBÁ - FOZ,0
66259305,RIO CUIABÁ - JUSANTE CÓRREGO BARBADO,0
66259306,CÓRREGO BARBADO - FOZ,0
66259307,CÓRREGO MOINHO - FOZ,0
66259308,RIO COXIPO - FOZ,0
66259309,RIO CUIABÁ - JUSANTE CÓRREGO SÃO GONÇALO,0
66259310,CÓRREGO SÃO GONÇALO - FOZ,0
66259311,CÓRREGO PIÇARÃO - FOZ,0
66259320,JUSANTE RIBEIRÃO GENERAL,0
66259330,JUSANTE RIBEIRÃO PRAINHA,0
66259340,JUSANTE RIBEIRÃO GAMBÁ,0
66259350,JUSANTE RIBEIRÃO COXIPÓ,0
66259500,ESTAÇÃO COPHAMIL,0
66259600,COXIPO DO OURO,0
66259650,RIO COXIPÓ - AABB,1
66259700,BALNEÁRIO Dr. MEIRELLES,0
66259800,RIO COXIPÓ - PONTE AV. FERNANDO CORREA,0
66260000,GUIA,0
66260001,CUIABÁ,0
66260002,CUIABÁ,0
66260004,MONTANTE DA FOZ DO COXIPO - RCB-170,0
66260005,PONTE JK - RCB-250,0
66260006,CUIABÁ,1
66260007,TIXUCAL - RCX-50,0
66260050,PCH SÃO TADEU I BARRAMENTO,1
66260100,PCH SÃO TADEU - MONT. CÓRR. OURO,0
66260110,PCH SÃO TADEU I JUSANTE,1
66260150,PCH SÃO TADEU - JUS. CÓRREGO BIGORNA,0
66260151,RIO CUIABÁ - JUSANTE CÓRREGO RIBEIRÃO DOS COCAIS,0
66260152,RIO CUIABÁ - PRAIA DO POÇO,0
66260170,MONT. STO.  ANTÔNIO DO LEVERGER,0
66261000,BARRA DO ARICÁ,0
66270000,SANTO ANTÔNIO DO LEVERGER,1
66270001,SANTO ANTÔNIO DO LEVERGER,0
66271000,JUS. STO. ANTÔNIO DO LEVERGER,0
66272000,MONTANTE BARÃO DE MELGAÇO,0
66280000,BARÃO DE MELGAÇO,1
66280001,BARÃO DE MELGAÇO,0
66295000,JUSANTE DE BARÃO DE MELGACO,0
66296000,BARÃO DE MELGAÇO,0
66300000,SÃO VICENTE,0
66300200,CGH GUIMARÃES 02 JUSANTE,1
66313000,PCH LAJARI BARRAMENTO RIBEIRÃO DA LAJE,1
66340000,PORTO CERCADO (Ex-Retiro Biguaçal),0
66340500,POCONÉ - RIO CUIABÁ,1
66341000,RIO CUIABÁ - JUSANTE PORTO CERCADO,0
66350000,SÃO ROQUE,0
66360000,SÃO JOÃO,0
66370000,ILHA CAMARGO,0
66375000,RIO SÃO LOURENÇO - NASCENTE,0
66375100,FAZENDA SANTA ROSA,0
66375200,JUSANTE CONFLUÊNCIA (cor. do compadre),0
66375300,CAMPO VERDE,0
66375400,JUS. PONTE CONCRETO UM 344,0
66375500,FAZENDA SANTA CÂNDIDA DO MUTUM,0
66375600,PONTE MT-344 - CAMPO VERDE,0
66375690,DOM AQUINO,1
66375700,JUS. PTE. CONCRETO AV. CBA.,0
66375800,PONTE MT-344,0
66375900,MONT. PONTE DE CONCRETO MT-344,0
66380000,SÃO PEDRO DA CIPA,1
66380100,RIO SÃO LOURENÇO - SÃO PEDRO DA CIPA,0
66381000,PONTE BR-364 - S. PEDRO DA CIPA,0
66384000,PCH PEQUI JUSANTE,1
66385000,CGH SUCUPIRA RESERVATÓRIO,0
66385400,CGH CAMBARÁ MONTANTE,1
66385500,CGH CAMBARÁ JUSANTE,0
66386000,CGH EMBAÚBA JUSANTE,1
66388000,CGH CACHOEIRA DA FUMAÇA JUSANTE,1
66390000,JACIARA,0
66390001,JACIARA,0
66390090,PCH SÃO LOURENÇO RIO AREIAL,1
66390100,JACIARA,0
66390200,JUSCIMEIRA,0
66391000,PONTE EM FÁTIMA,0
66400000,SÃO LOURENÇO DE FÁTIMA,0
66400001,FÁTIMA DE SÃO LOURENÇO,0
66400040,CGH ÁGUA CLARA MONTANTE,1
66400050,PCH ÁGUA PRATA JUSANTE,1
66400060,PCH ÁGUA BRAVA JUSANTE,1
66400100,JUS. PTE. CONCRETO - ACESSO CACH. PRATA,0
66400200,FAZENDA JATOBÁ,0
66400300,MONTANTE FOZ DO CÓRREGO TUGORE,0
66400320,PCH EUROPA MONTANTE,0
66400325,PCH SETE QUEDAS ALTAS MONTANTE,1
66400350,PCH EUROPA JUSANTE,0
66400355,PCH SETE QUEDAS ALTAS BARRAMENTO,1
66400357,PCH SETE QUEDAS ALTAS JUSANTE,1
66400360,PCH SÃO LOURENÇO MONTANTE,1
66400380,PCH SÃO LOURENÇO BARRAMENTO,1
66400390,PCH SÃO LOURENÇO JUSANTE,1
66400400,FÁTIMA - ÁGUAS QUENTES,0
66400500,JUSANTE CONFLUÊNCIA CÓRREGO TUGORE,0
66400600,FÁTIMA,0
66400610,DISTRITO DE FÁTIMA,1
66400700,CÓRREGO GRANDE,0
66400800,ENTRE RIOS,0
66400900,PEDREIRA MACHINIC,0
66401000,JUSANTE PONTE MT-130,0
66410000,POXORÉO,0
66420000,PCH POXORÉO MONTANTE,1
66420100,MONTANTE PONTE DE CONCRETO,0
66420150,PEDREIRA SÃO CARLOS,0
66420160,PCH POXORÉO RIO AREIA,1
66420180,PCH POXORÉO BARRAMENTO,1
66420200,MONT. PONTE MADEIRA EM POXORÉO,0
66420210,JUSANTE PONTE POXORÉO,0
66420250,PCH POXORÉO JUSANTE,1
66420300,USINA CEMAT,0
66420400,MONT. PONTE EM PARAÍSO DO LESTE,0
66425000,PCH RECANTO BARRAMENTO,1
66425050,PCH RECANTO JUSANTE,1
66429000,JUS. FOZ DO RIO VERMELHO,0
66429100,ESTAÇÃO JARUDORE,0
66429105,JARUDORE,1
66430000,JARUDORE,0
66430001,POXORÉO,0
66431000,SANTO ANTÔNIO,0
66431500,SÃO JOÃO,0
66432000,SANTA CLARA,0
66432500,BOM JESUS,0
66434000,PONTE MT 270 RIO VERMELHO,0
66435000,PRÓXIMO BARRA ARAREAU,0
66435050,CÓRREGO ARARÉU,0
66440000,PEDRA PRETA,0
66440001,PEDRA PRETA,0
66440900,RIO VERMELHO MONTANTE ROND,0
66441000,MONT. CAP. ÁGUAS EM RONDONÓPOLIS,0
66448000,SÃO PEDRO DA CIPA,0
66449000,RONDONÓPOLIS,0
66450000,RONDONÓPOLIS,0
66450001,RONDONÓPOLIS,0
66450010,RONDONÓPOLIS,0
66450100,PONTE NA BR-364,0
66452500,PCH ENG. JOSÉ GELÁSIO DA ROCHA MONTANTE,1
66453000,PCH ENG. JOSÉ GELÁSIO DA ROCHA BARRAMENTO,1
66454800,PCH RONDONÓPOLIS MONTANTE,1
66454900,PCH RONDONÓPOLIS BARRAMENTO,1
66455000,PONTE DE PEDRA,0
66455900,PCH MUTUM I MONTANTE,1
66456000,FAZENDA POENTE,0
66456050,PCH MANTOVILIS JUSANTE,1
66460000,ACIMA DO CÓRREGO GRANDE,1
66465000,COLÔNIA SANTA IZABEL,0
66470000,SÃO JOSÉ DO BORIRÉU,0
66481800,CORUMBÁ,0
66483000,CGH SANTA PAULA JUSANTE,0
66483600,PCH SANTA GABRIELA MONTANTE 1,1
66483800,PCH SANTA GABRIELA MONTANTE 2,1
66484000,PCH SANTA GABRIELA BARRAMENTO,1
66484500,PCH SANTA GABRIELA JUSANTE,1
66485000,UHE PONTE DE PEDRA MONTANTE,0
66488000,UHE PONTE DE PEDRA RESERVATÓRIO,0
66489000,UHE PONTE DE PEDRA BARRAMENTO,1
66490000,ESTRADA BR-163,0
66493000,UHE PONTE DE PEDRA JUSANTE,1
66493900,CGH AQUARIUS MONTANTE,1
66494000,CGH AQUÁRIUS BARRAMENTO,1
66510000,SONORA,0
66520000,ITIQUIRA,0
66521000,UHE ITIQUIRA RIO CACHOEIRA,1
66522000,UHE ITIQUIRA MONTANTE,1
66522100,UHE ITIQUIRA RIO SOZINHO,1
66523000,UHE ITIQUIRA BARRAMENTO,1
66524000,MONTANTE BR-163,0
66525000,ESTRADA BR-163,0
66525100,UHE ITIQUIRA JUSANTE,1
66527800,CORUMBÁ,0
66600000,SÃO JERÔNIMO,1
66650000,SÃO JOSÉ DO PIQUIRI,1
66651100,BARÃO DE MELGAÇO,0
66660000,MONTANTE FOZ RIO ITIQUIRA,0
66665000,CORUMBÁ,0
66666000,FAZENDA MARAJOARA,0
66700000,PORTO JOFRE,0
66710000,POUSADA TAIAMÃ  (Ex-Porto Jofre),1
66750001,CORUMBÁ,0
66751000,CORUMBÁ,0
66830000,PCH LAJARI MONTANTE,0
66830050,PCH LAJARI BARRAMENTO,0
90070001,PLANTAIN ISLAND-Rio Essequibo,0
90070002,KAMARANG (Rio Mazaruni),0
90070003,APAIKWA (Rio Mazaruni),0
90070004,KAIETEUR FALL (Rio Potaro),0
90100001,AFOBAKA (Rio Suriname),0
90260000,GUAMOTE,0
90270000,MONAY,0
